2024-06-18 07:57:03.059046,54.53311061859131,1778.7314739227295
2024-06-18 07:57:04.146866,54.58818817138672,1781.2935056686401
2024-06-18 07:57:05.151132,54.62941265106201,1783.2323837280273
2024-06-18 07:57:06.155567,54.68509769439697,1785.4322967529297
2024-06-18 07:57:07.159408,54.72208786010742,1786.9630727767944
2024-06-18 07:57:08.166312,54.752981185913086,1788.382562637329
2024-06-18 07:57:09.170650,54.79176998138428,1789.7763566970825
2024-06-18 07:57:10.177560,54.83576011657715,1791.7335195541382
2024-06-18 07:57:11.180871,54.88123035430908,1793.781265258789
2024-06-18 07:57:12.185304,54.93338489532471,1795.8576526641846
2024-06-18 07:57:13.190872,54.9744348526001,1797.64999294281
2024-06-18 07:57:14.198523,55.018805503845215,1799.5577774047852
2024-06-18 07:57:15.203144,55.0654935836792,1801.495252609253
2024-06-18 07:57:16.207095,55.10781764984131,1803.5120782852173
2024-06-18 07:57:17.211738,55.16058921813965,1805.7571277618408
2024-06-18 07:57:18.218566,55.20882034301758,1808.0729675292969
2024-06-18 07:57:19.221717,55.26278495788574,1810.667335510254
2024-06-18 07:57:20.227393,55.313467025756836,1812.9019966125488
2024-06-18 07:57:21.233939,55.34907627105713,1814.5212697982788
2024-06-18 07:57:22.238373,55.37993240356445,1815.715027809143
2024-06-18 07:57:23.242574,55.41548824310303,1817.041217803955
2024-06-18 07:57:24.249769,55.446895599365234,1818.391975402832
2024-06-18 07:57:25.253565,55.47694969177246,1819.9289531707764
2024-06-18 07:57:26.258366,55.50490856170654,1821.0514831542969
2024-06-18 07:57:27.264196,55.53047466278076,1822.3006401062012
2024-06-18 07:57:28.268854,55.555397033691406,1823.1629762649536
2024-06-18 07:57:29.273113,55.57165813446045,1823.7302722930908
2024-06-18 07:57:30.277428,55.60066604614258,1824.3957509994507
2024-06-18 07:57:31.281734,55.637624740600586,1825.2557153701782
2024-06-18 07:57:32.287686,55.66340732574463,1826.2383832931519
2024-06-18 07:57:33.292021,55.689008712768555,1827.005482673645
2024-06-18 07:57:34.295774,55.719886779785156,1827.9685525894165
2024-06-18 07:57:35.300021,55.740909576416016,1828.9186868667603
2024-06-18 07:57:36.308882,55.76401329040527,1829.8393564224243
2024-06-18 07:57:37.322079,55.79790019989014,1830.8881607055664
2024-06-18 07:57:38.332219,55.886969566345215,1832.1157207489014
2024-06-18 07:57:39.340014,55.927303314208984,1833.7677011489868
2024-06-18 07:57:40.347294,55.966691970825195,1835.0581712722778
2024-06-18 07:57:41.365501,55.99858283996582,1836.3063564300537
2024-06-18 07:57:42.381316,56.036109924316406,1837.6671171188354
2024-06-18 07:57:43.390001,56.0828275680542,1839.2376146316528
2024-06-18 07:57:44.394584,56.10483932495117,1840.5470495224
2024-06-18 07:57:45.400062,56.12945747375488,1841.6357107162476
2024-06-18 07:57:46.404375,56.151944160461426,1842.6979084014893
2024-06-18 07:57:47.408304,56.18262195587158,1843.868317604065
2024-06-18 07:57:48.413304,56.226667404174805,1844.9449338912964
2024-06-18 07:57:49.416976,56.25885581970215,1846.0115251541138
2024-06-18 07:57:50.421993,56.29028511047363,1847.3433408737183
2024-06-18 07:57:51.425692,56.33303356170654,1848.6726303100586
2024-06-18 07:57:52.430626,56.37451934814453,1850.0632419586182
2024-06-18 07:57:53.434750,56.41198253631592,1851.7999782562256
2024-06-18 07:57:54.438994,56.461341857910156,1853.6832389831543
2024-06-18 07:57:55.444483,56.49731731414795,1855.4361934661865
2024-06-18 07:57:56.450984,56.535804748535156,1857.1677103042603
2024-06-18 07:57:57.456221,56.560482025146484,1858.0881214141846
2024-06-18 07:57:58.460010,56.58670139312744,1859.2241287231445
2024-06-18 07:57:59.465745,56.655893325805664,1860.5498781204224
2024-06-18 07:58:00.470937,56.693796157836914,1861.9695501327515
2024-06-18 07:58:01.475914,56.7275972366333,1863.4561281204224
2024-06-18 07:58:02.480956,56.76705265045166,1864.7526178359985
2024-06-18 07:58:03.485529,56.79979705810547,1865.778166770935
2024-06-18 07:58:04.491049,56.83624839782715,1867.244990348816
2024-06-18 07:58:05.495282,56.868332862854004,1868.470051765442
2024-06-18 07:58:06.499350,56.90105724334717,1869.7463474273682
2024-06-18 07:58:07.516713,56.93535041809082,1871.2443828582764
2024-06-18 07:58:08.528098,56.975664138793945,1872.779800415039
2024-06-18 07:58:09.535574,57.03695106506348,1874.4883680343628
2024-06-18 07:58:10.548074,57.08790397644043,1876.2317914962769
2024-06-18 07:58:11.553651,57.11568069458008,1877.4213275909424
2024-06-18 07:58:12.569200,57.13955879211426,1878.459794998169
2024-06-18 07:58:13.576534,57.17328357696533,1879.7930164337158
2024-06-18 07:58:14.581931,57.19930839538574,1880.9107646942139
2024-06-18 07:58:15.596209,57.22825050354004,1882.128571510315
2024-06-18 07:58:16.607717,57.253726959228516,1883.2058935165405
2024-06-18 07:58:17.616875,57.28753852844238,1884.5126247406006
2024-06-18 07:58:18.625284,57.31580924987793,1885.7225151062012
2024-06-18 07:58:19.636805,57.3561487197876,1887.2351655960083
2024-06-18 07:58:20.645060,57.37899208068848,1888.279866218567
2024-06-18 07:58:21.653622,57.413533210754395,1889.35999584198
2024-06-18 07:58:22.665065,57.433732986450195,1890.2616147994995
2024-06-18 07:58:23.672915,57.461459159851074,1891.41765499115
2024-06-18 07:58:24.682169,57.5076322555542,1892.707085609436
2024-06-18 07:58:25.686638,57.54311752319336,1894.0975008010864
2024-06-18 07:58:26.690661,57.586289405822754,1895.8006973266602
2024-06-18 07:58:27.696264,57.61785411834717,1897.2782955169678
2024-06-18 07:58:28.700840,57.654343605041504,1899.1306867599487
2024-06-18 07:58:29.705582,57.682374000549316,1900.2350759506226
2024-06-18 07:58:30.709486,57.70485210418701,1901.24032497406
2024-06-18 07:58:31.715675,57.73221969604492,1902.2295274734497
2024-06-18 07:58:32.720687,57.75305461883545,1903.1079473495483
2024-06-18 07:58:33.725375,57.785627365112305,1904.1429586410522
2024-06-18 07:58:34.731771,57.811808586120605,1905.2088041305542
2024-06-18 07:58:35.737355,57.840107917785645,1906.48677444458
2024-06-18 07:58:36.740862,57.87311363220215,1907.8091268539429
2024-06-18 07:58:37.745240,57.90018558502197,1909.0006351470947
2024-06-18 07:58:38.749874,57.93681335449219,1910.2803564071655
2024-06-18 07:58:39.755138,57.9750452041626,1911.709204673767
2024-06-18 07:58:40.758988,58.00840473175049,1912.7662992477417
2024-06-18 07:58:41.762880,58.04082202911377,1913.627040863037
2024-06-18 07:58:42.767231,58.0642032623291,1914.530330657959
2024-06-18 07:58:43.771314,58.08597278594971,1915.439476966858
2024-06-18 07:58:44.776132,58.122859954833984,1916.5872993469238
2024-06-18 07:58:45.780091,58.14014148712158,1917.2056951522827
2024-06-18 07:58:46.783879,58.153364181518555,1917.6493825912476
2024-06-18 07:58:47.788132,58.16928291320801,1918.1332540512085
2024-06-18 07:58:48.793238,58.181036949157715,1918.6098890304565
2024-06-18 07:58:49.797845,58.20610237121582,1919.4982862472534
2024-06-18 07:58:50.803115,58.234740257263184,1920.0903949737549
2024-06-18 07:58:51.808471,58.25532817840576,1920.8119630813599
2024-06-18 07:58:52.812051,58.28021812438965,1921.6017580032349
2024-06-18 07:58:53.816326,58.29959297180176,1922.4154958724976
2024-06-18 07:58:54.819431,58.32012748718262,1923.3056020736694
2024-06-18 07:58:55.824630,58.351226806640625,1924.2574462890625
2024-06-18 07:58:56.828716,58.368014335632324,1925.095567703247
2024-06-18 07:58:57.832222,58.381744384765625,1925.3666887283325
2024-06-18 07:58:58.836507,58.3969087600708,1926.0146188735962
2024-06-18 07:58:59.840995,58.42112064361572,1926.7554378509521
2024-06-18 07:59:00.844597,58.439809799194336,1927.5835733413696
2024-06-18 07:59:01.849362,58.462281227111816,1928.5259647369385
2024-06-18 07:59:02.853838,58.48844051361084,1929.5413722991943
2024-06-18 07:59:03.857899,58.512953758239746,1930.520993232727
2024-06-18 07:59:04.861815,58.541205406188965,1931.518614768982
2024-06-18 07:59:05.868150,58.5652379989624,1932.630630493164
2024-06-18 07:59:06.874903,58.58740234375,1933.7384538650513
2024-06-18 07:59:07.883140,58.620482444763184,1935.1611633300781
2024-06-18 07:59:08.889106,58.6439847946167,1936.2274017333984
2024-06-18 07:59:09.892572,58.664533615112305,1937.1601295471191
2024-06-18 07:59:10.902889,58.70952606201172,1938.6482191085815
2024-06-18 07:59:11.908906,58.73941898345947,1940.1311511993408
2024-06-18 07:59:12.914804,58.779093742370605,1941.8861274719238
2024-06-18 07:59:13.927557,58.82395839691162,1943.9042377471924
2024-06-18 07:59:14.934026,58.85116100311279,1945.3596496582031
2024-06-18 07:59:15.939837,58.881404876708984,1946.7160606384277
2024-06-18 07:59:16.947952,58.912967681884766,1948.0242404937744
2024-06-18 07:59:17.952368,58.93618965148926,1949.1093864440918
2024-06-18 07:59:18.957562,58.95525550842285,1949.672646522522
2024-06-18 07:59:19.963084,58.96418857574463,1950.0392274856567
2024-06-18 07:59:20.978144,58.9760684967041,1950.5423402786255
2024-06-18 07:59:21.982618,59.00342655181885,1951.4548835754395
2024-06-18 07:59:22.987887,59.0274133682251,1952.3782501220703
2024-06-18 07:59:23.994220,59.052130699157715,1953.4548330307007
2024-06-18 07:59:24.999117,59.08394813537598,1954.6447658538818
2024-06-18 07:59:26.005125,59.113898277282715,1955.964979171753
2024-06-18 07:59:27.012241,59.15944480895996,1957.455717086792
2024-06-18 07:59:28.019946,59.19433879852295,1959.143437385559
2024-06-18 07:59:29.028918,59.245216369628906,1960.7092905044556
2024-06-18 07:59:30.041643,59.28937530517578,1962.0353679656982
2024-06-18 07:59:31.049361,59.33086681365967,1963.3331699371338
2024-06-18 07:59:32.056904,59.36881446838379,1964.7221202850342
2024-06-18 07:59:33.062613,59.39906024932861,1966.0658674240112
2024-06-18 07:59:34.067243,59.43292045593262,1967.430669784546
2024-06-18 07:59:35.090607,59.46895503997803,1969.1899099349976
2024-06-18 07:59:36.109208,59.50157451629639,1970.4414653778076
2024-06-18 07:59:37.115639,59.5350227355957,1971.9683742523193
2024-06-18 07:59:38.121986,59.56922245025635,1973.3376274108887
2024-06-18 07:59:39.127136,59.60584354400635,1974.6865501403809
2024-06-18 07:59:40.131024,59.6396484375,1975.881199836731
2024-06-18 07:59:41.135540,59.666504859924316,1977.0608549118042
2024-06-18 07:59:42.140589,59.69378185272217,1978.2849369049072
2024-06-18 07:59:43.146406,59.74503040313721,1980.272315979004
2024-06-18 07:59:44.159873,59.79409599304199,1982.621826171875
2024-06-18 07:59:45.164297,59.82497978210449,1984.373737335205
2024-06-18 07:59:46.171272,59.85572052001953,1985.7239923477173
2024-06-18 07:59:47.177253,59.88794422149658,1987.2721605300903
2024-06-18 07:59:48.189247,59.91988658905029,1988.692304611206
2024-06-18 07:59:49.193618,59.94316005706787,1989.543080329895
2024-06-18 07:59:50.205898,59.96899604797363,1990.6443815231323
2024-06-18 07:59:51.216004,60.00253677368164,1991.8666095733643
2024-06-18 07:59:52.223857,60.04517078399658,1993.3846549987793
2024-06-18 07:59:53.229858,60.08834171295166,1994.9395208358765
2024-06-18 07:59:54.234982,60.12023639678955,1996.539545059204
2024-06-18 07:59:55.242300,60.14365482330322,1997.6328029632568
2024-06-18 07:59:56.247187,60.17606067657471,1998.9849433898926
2024-06-18 07:59:57.253306,60.19750213623047,1999.9120302200317
2024-06-18 07:59:58.258676,60.23222541809082,2000.7423629760742
2024-06-18 07:59:59.264712,60.272796630859375,2002.1916227340698
2024-06-18 08:00:00.269407,60.30107116699219,2003.498703956604
2024-06-18 08:00:01.275767,60.347371101379395,2005.013048171997
2024-06-18 08:00:02.281219,60.38352966308594,2006.5655279159546
2024-06-18 08:00:03.297073,60.41351890563965,2007.7480449676514
2024-06-18 08:00:04.304009,60.44466590881348,2009.0070219039917
2024-06-18 08:00:05.308366,60.48459243774414,2010.675898551941
2024-06-18 08:00:06.316721,60.52723217010498,2012.191906929016
2024-06-18 08:00:07.323802,60.55812644958496,2013.6517934799194
2024-06-18 08:00:08.333111,60.590853691101074,2015.2333726882935
2024-06-18 08:00:09.349390,60.63368606567383,2016.8649406433105
2024-06-18 08:00:10.358216,60.67512035369873,2018.5120477676392
2024-06-18 08:00:11.364934,60.7187614440918,2020.2843685150146
2024-06-18 08:00:12.372344,60.75509548187256,2021.7522172927856
2024-06-18 08:00:13.376275,60.791847229003906,2023.5642023086548
2024-06-18 08:00:14.384861,60.83219814300537,2025.2371463775635
2024-06-18 08:00:15.391467,60.86893177032471,2027.1383180618286
2024-06-18 08:00:16.395751,60.910964012145996,2028.9228706359863
2024-06-18 08:00:17.400074,60.93989562988281,2030.2987489700317
2024-06-18 08:00:18.404022,60.96594524383545,2031.4983768463135
2024-06-18 08:00:19.408037,61.00005340576172,2032.760594367981
2024-06-18 08:00:20.416740,61.02291679382324,2033.8690299987793
2024-06-18 08:00:21.428728,61.050835609436035,2035.1729202270508
2024-06-18 08:00:22.433286,61.08371067047119,2036.3105955123901
2024-06-18 08:00:23.438384,61.116536140441895,2037.4406995773315
2024-06-18 08:00:24.443684,61.14748954772949,2038.7691287994385
2024-06-18 08:00:25.448160,61.17640972137451,2040.0745153427124
2024-06-18 08:00:26.452767,61.216925621032715,2041.721152305603
2024-06-18 08:00:27.462710,61.24751377105713,2043.2582817077637
2024-06-18 08:00:28.467503,61.28621959686279,2045.0719299316406
2024-06-18 08:00:29.474731,61.31955814361572,2046.3671913146973
2024-06-18 08:00:30.478415,61.3729248046875,2047.4690341949463
2024-06-18 08:00:31.483061,61.401421546936035,2048.6574029922485
2024-06-18 08:00:32.486973,61.438143730163574,2050.079882621765
2024-06-18 08:00:33.490934,61.47460174560547,2051.6819925308228
2024-06-18 08:00:34.495011,61.51090908050537,2053.395838737488
2024-06-18 08:01:00.162669,62.255292892456055,2081.870966911316
2024-06-18 08:01:24.459149,62.93590259552002,2110.1734981536865
2024-06-18 08:02:54.451543,65.60120582580566,2219.1614389419556
2024-06-18 08:02:55.531113,65.64570617675781,2221.090832710266
2024-06-18 08:02:56.537457,65.68138313293457,2222.6706886291504
2024-06-18 08:02:57.541764,65.71988773345947,2224.0681438446045
2024-06-18 08:02:58.545479,65.76651191711426,2226.2000036239624
2024-06-18 08:02:59.551435,65.81148147583008,2228.205199241638
2024-06-18 08:03:00.555480,65.85719966888428,2230.0972776412964
2024-06-18 08:03:01.559840,65.89434051513672,2231.885944366455
2024-06-18 08:03:02.562695,65.92572402954102,2233.0272283554077
2024-06-18 08:03:03.569240,65.9609785079956,2234.197332382202
2024-06-18 08:03:04.573152,66.00259208679199,2235.733102798462
2024-06-18 08:03:05.578882,66.0422887802124,2237.1963272094727
2024-06-18 08:03:06.586847,66.08116722106934,2238.905879020691
2024-06-18 08:03:07.593843,66.11967182159424,2240.3761949539185
2024-06-18 08:03:08.597598,66.1537675857544,2241.896718978882
2024-06-18 08:03:09.601581,66.20020198822021,2244.0381031036377
2024-06-18 08:03:10.607504,66.26212501525879,2246.486490249634
2024-06-18 08:03:11.611129,66.30586814880371,2248.403811454773
2024-06-18 08:03:12.615669,66.3584041595459,2249.984839439392
2024-06-18 08:03:13.619270,66.38167953491211,2250.525361061096
2024-06-18 08:03:14.624056,66.3837251663208,2250.5340757369995
2024-06-18 08:03:15.627590,66.38397693634033,2250.535816192627
2024-06-18 08:03:16.633155,66.40071678161621,2250.80127620697
2024-06-18 08:03:17.637857,66.43481922149658,2252.647180557251
2024-06-18 08:03:18.641558,66.49371719360352,2254.3239240646362
2024-06-18 08:03:19.646847,66.5479040145874,2256.7111253738403
2024-06-18 08:03:20.650733,66.60053825378418,2259.721251487732
2024-06-18 08:03:21.655909,66.6486587524414,2262.0331144332886
2024-06-18 08:03:22.659575,66.69813823699951,2264.038299560547
2024-06-18 08:03:23.664225,66.76251697540283,2266.2788734436035
2024-06-18 08:03:24.669535,66.80082130432129,2268.0469284057617
2024-06-18 08:03:25.673774,66.83638572692871,2269.7174797058105
2024-06-18 08:03:26.678869,66.86032581329346,2270.956269264221
2024-06-18 08:03:27.682990,66.8840446472168,2272.030619621277
2024-06-18 08:03:28.687225,66.91283130645752,2273.344355583191
2024-06-18 08:03:29.691297,66.94495868682861,2274.538857460022
2024-06-18 08:03:30.698100,66.98153305053711,2276.0162801742554
2024-06-18 08:03:31.711874,67.02184009552002,2277.7364234924316
2024-06-18 08:03:32.717130,67.07005882263184,2279.7449626922607
2024-06-18 08:03:33.720670,67.11189079284668,2281.7263174057007
2024-06-18 08:03:34.725102,67.15716648101807,2283.532332420349
2024-06-18 08:03:35.729006,67.19669818878174,2285.23903465271
2024-06-18 08:03:36.733985,67.234375,2286.940981864929
2024-06-18 08:03:37.739950,67.28879642486572,2288.9863777160645
2024-06-18 08:03:38.745932,67.33849716186523,2290.7385873794556
2024-06-18 08:03:39.750696,67.38550281524658,2292.3054237365723
2024-06-18 08:03:40.755174,67.43723487854004,2294.3817892074585
2024-06-18 08:03:41.760933,67.49577808380127,2296.5202684402466
2024-06-18 08:03:42.765835,67.53648853302002,2298.450827598572
2024-06-18 08:03:43.773232,67.5772647857666,2300.168065071106
2024-06-18 08:03:44.778350,67.62366008758545,2301.632987976074
2024-06-18 08:03:45.784707,67.66445350646973,2302.6870012283325
2024-06-18 08:03:46.788783,67.69647312164307,2303.673125267029
2024-06-18 08:03:47.796609,67.72007846832275,2304.388518333435
2024-06-18 08:03:48.801079,67.744384765625,2305.2742404937744
2024-06-18 08:03:49.807675,67.76760196685791,2306.2079401016235
2024-06-18 08:03:50.812253,67.79920387268066,2307.417410850525
2024-06-18 08:03:51.816457,67.84036636352539,2309.12087059021
2024-06-18 08:03:52.820888,67.88489818572998,2310.848508834839
2024-06-18 08:03:53.824894,67.93082427978516,2312.6893196105957
2024-06-18 08:03:54.829701,67.97507858276367,2314.685507774353
2024-06-18 08:03:55.833974,68.02806663513184,2316.7507104873657
2024-06-18 08:03:56.839940,68.0780611038208,2318.953170776367
2024-06-18 08:03:57.843687,68.12130355834961,2320.7015476226807
2024-06-18 08:03:58.848461,68.15505599975586,2322.3788690567017
2024-06-18 08:03:59.852461,68.19047546386719,2324.029326438904
2024-06-18 08:04:00.856635,68.23515033721924,2325.844801902771
2024-06-18 08:04:01.860856,68.27835845947266,2327.7924938201904
2024-06-18 08:04:02.867306,68.31358337402344,2329.3976821899414
2024-06-18 08:04:03.871964,68.35488891601562,2331.0315675735474
2024-06-18 08:04:04.875923,68.38890838623047,2332.589476585388
2024-06-18 08:04:05.880870,68.43256282806396,2334.5344953536987
2024-06-18 08:04:06.885309,68.47712326049805,2336.4210414886475
2024-06-18 08:04:07.889655,68.51564693450928,2337.9680919647217
2024-06-18 08:04:08.893847,68.55422306060791,2339.611433029175
2024-06-18 08:04:09.898119,68.59472274780273,2341.1698846817017
2024-06-18 08:04:10.903830,68.61945915222168,2342.275631904602
2024-06-18 08:04:11.908442,68.64342308044434,2343.429983139038
2024-06-18 08:04:12.911880,68.67520332336426,2344.7353143692017
2024-06-18 08:04:13.916237,68.70531845092773,2346.214900970459
2024-06-18 08:04:14.919333,68.74608135223389,2347.9694328308105
2024-06-18 08:04:15.923213,68.77278518676758,2349.593589782715
2024-06-18 08:04:16.931856,68.7842264175415,2350.2404050827026
2024-06-18 08:04:17.935889,68.8078498840332,2351.0468254089355
2024-06-18 08:04:18.941859,68.83241653442383,2352.4071254730225
2024-06-18 08:04:19.946967,68.86445808410645,2353.819143295288
2024-06-18 08:04:20.952229,68.8901891708374,2354.926971435547
2024-06-18 08:04:21.958944,68.91429901123047,2356.0871353149414
2024-06-18 08:04:22.962292,68.9482479095459,2357.3746337890625
2024-06-18 08:04:23.966635,68.99090480804443,2358.9105644226074
2024-06-18 08:04:24.971796,69.02316284179688,2360.630567550659
2024-06-18 08:04:25.975052,69.0616226196289,2362.2237462997437
2024-06-18 08:04:26.978754,69.09933471679688,2364.046727180481
2024-06-18 08:04:27.984070,69.15748310089111,2366.1318101882935
2024-06-18 08:04:28.988081,69.19700241088867,2367.7334356307983
2024-06-18 08:04:29.992619,69.23185062408447,2368.986692428589
2024-06-18 08:04:30.996710,69.27477836608887,2370.7116508483887
2024-06-18 08:04:32.000917,69.31676387786865,2372.615065574646
2024-06-18 08:04:33.004912,69.36446571350098,2374.4450521469116
2024-06-18 08:04:34.010586,69.39578819274902,2375.975209236145
2024-06-18 08:04:35.014575,69.43729782104492,2377.6226320266724
2024-06-18 08:04:36.019701,69.47836685180664,2379.5050048828125
2024-06-18 08:04:37.023615,69.52567291259766,2381.725299835205
2024-06-18 08:04:38.028634,69.57757568359375,2384.3387022018433
2024-06-18 08:04:39.033709,69.6180534362793,2386.333959579468
2024-06-18 08:04:40.039239,69.65683364868164,2388.0815420150757
2024-06-18 08:04:41.043773,69.70835971832275,2389.866090774536
2024-06-18 08:04:42.048209,69.74100303649902,2391.471279144287
2024-06-18 08:04:43.052666,69.77893924713135,2392.973931312561
2024-06-18 08:04:44.056593,69.81265926361084,2394.783080101013
2024-06-18 08:04:45.060844,69.8464822769165,2396.4851055145264
2024-06-18 08:04:46.066166,69.89473152160645,2398.7189197540283
2024-06-18 08:04:47.069443,69.94096183776855,2401.0323905944824
2024-06-18 08:04:48.076483,69.97123622894287,2402.4944763183594
2024-06-18 08:04:49.082058,70.00737857818604,2404.289430618286
2024-06-18 08:04:50.087871,70.03858852386475,2405.6530227661133
2024-06-18 08:04:51.092660,70.08443927764893,2407.15128326416
2024-06-18 08:04:52.097085,70.12208366394043,2408.7677488327026
2024-06-18 08:04:53.100787,70.17336559295654,2410.4593935012817
2024-06-18 08:04:54.104514,70.216796875,2411.96177482605
2024-06-18 08:04:55.108330,70.27004146575928,2413.722197532654
2024-06-18 08:04:56.112942,70.3234281539917,2415.926125526428
2024-06-18 08:04:57.117254,70.36270427703857,2417.812413215637
2024-06-18 08:04:58.122808,70.40880870819092,2419.3514728546143
2024-06-18 08:04:59.128271,70.45176696777344,2420.8333702087402
2024-06-18 08:05:00.134216,70.48362064361572,2422.2866926193237
2024-06-18 08:05:01.139357,70.52194023132324,2423.697949409485
2024-06-18 08:05:02.144608,70.56489753723145,2425.5385398864746
2024-06-18 08:05:03.148816,70.6029224395752,2427.3603563308716
2024-06-18 08:05:04.152810,70.65240097045898,2429.2044773101807
2024-06-18 08:05:05.156466,70.69056701660156,2431.092065811157
2024-06-18 08:05:06.160861,70.7318115234375,2432.9561681747437
2024-06-18 08:05:07.165172,70.7835054397583,2435.198871612549
2024-06-18 08:05:08.168974,70.82076358795166,2436.702790260315
2024-06-18 08:05:09.172736,70.87976837158203,2438.257077217102
2024-06-18 08:05:10.177348,70.93597793579102,2440.135217666626
2024-06-18 08:05:11.181865,70.98674488067627,2442.28977394104
2024-06-18 08:05:12.186165,71.02183151245117,2443.553505897522
2024-06-18 08:05:13.198755,71.0518684387207,2444.8597440719604
2024-06-18 08:05:14.209166,71.08496475219727,2446.2601470947266
2024-06-18 08:05:15.215144,71.12996578216553,2448.090446472168
2024-06-18 08:05:16.221905,71.17464447021484,2450.132897377014
2024-06-18 08:05:17.226146,71.22500324249268,2452.426223754883
2024-06-18 08:05:18.234473,71.26909637451172,2454.3820123672485
2024-06-18 08:05:19.241844,71.30002021789551,2455.40381526947
2024-06-18 08:05:20.246504,71.32800579071045,2456.5361976623535
2024-06-18 08:05:21.254224,71.36735248565674,2458.1181421279907
2024-06-18 08:05:22.257940,71.40475845336914,2459.5648231506348
2024-06-18 08:05:23.262807,71.44300651550293,2461.299327850342
2024-06-18 08:05:24.267803,71.487548828125,2462.9613189697266
2024-06-18 08:05:25.272511,71.53926372528076,2464.9468898773193
2024-06-18 08:05:26.276680,71.5851058959961,2466.782445907593
2024-06-18 08:05:27.282604,71.63083457946777,2468.9322690963745
2024-06-18 08:05:28.286572,71.68294429779053,2471.1057024002075
2024-06-18 08:05:29.291080,71.72547149658203,2472.970178604126
2024-06-18 08:05:30.295190,71.75368118286133,2474.12624835968
2024-06-18 08:05:31.299231,71.79383087158203,2475.436240196228
2024-06-18 08:05:32.304017,71.82901763916016,2477.064778327942
2024-06-18 08:05:33.308974,71.87369441986084,2478.7181606292725
2024-06-18 08:05:34.313373,71.89849185943604,2479.796630859375
2024-06-18 08:05:35.318716,71.93242835998535,2481.016477584839
2024-06-18 08:05:36.322054,71.96550941467285,2482.4796142578125
2024-06-18 08:05:37.326865,72.00299453735352,2484.1448917388916
2024-06-18 08:05:38.332885,72.04648113250732,2485.747022628784
2024-06-18 08:05:39.337211,72.08650398254395,2487.293836593628
2024-06-18 08:05:40.341863,72.12629985809326,2489.0776414871216
2024-06-18 08:05:41.345964,72.16536045074463,2490.8540296554565
2024-06-18 08:05:42.351766,72.20351696014404,2492.5320796966553
2024-06-18 08:05:43.363961,72.2520751953125,2494.302463531494
2024-06-18 08:05:44.368308,72.29157447814941,2495.9358959198
2024-06-18 08:05:45.378481,72.31685733795166,2497.1650981903076
2024-06-18 08:05:46.388566,72.3456916809082,2498.08629322052
2024-06-18 08:05:47.395171,72.37677669525146,2499.4914588928223
2024-06-18 08:05:48.403204,72.43661403656006,2501.126940727234
2024-06-18 08:05:49.408443,72.46298694610596,2502.3194160461426
2024-06-18 08:05:50.416384,72.49836826324463,2503.846957206726
2024-06-18 08:05:51.425879,72.54598426818848,2505.184190750122
2024-06-18 08:05:52.433164,72.58243370056152,2506.543490409851
2024-06-18 08:05:53.441927,72.66779232025146,2508.1633338928223
2024-06-18 08:05:54.450528,72.75202369689941,2510.04194355011
2024-06-18 08:05:55.459017,72.8258581161499,2512.0043363571167
2024-06-18 08:05:56.464066,72.89225959777832,2513.831684112549
2024-06-18 08:05:57.470392,72.94684982299805,2516.6695528030396
2024-06-18 08:05:58.475434,72.9930648803711,2518.592879295349
2024-06-18 08:05:59.481500,73.02601337432861,2519.7131214141846
2024-06-18 08:06:00.489413,73.05873489379883,2520.9473333358765
2024-06-18 08:06:01.494221,73.11433219909668,2522.7329320907593
2024-06-18 08:06:02.499174,73.15553760528564,2524.32133102417
2024-06-18 08:06:03.505787,73.19370555877686,2525.8684635162354
2024-06-18 08:06:04.520976,73.23302841186523,2527.294009208679
2024-06-18 08:06:05.527063,73.26450824737549,2528.538674354553
2024-06-18 08:06:06.544028,73.29216289520264,2529.738028526306
2024-06-18 08:06:07.551555,73.32764339447021,2531.1179037094116
2024-06-18 08:06:08.557561,73.36589908599854,2532.6081037521362
2024-06-18 08:06:09.564951,73.41184997558594,2534.0943365097046
2024-06-18 08:06:10.574514,73.45497989654541,2535.721050262451
2024-06-18 08:06:11.578976,73.5000991821289,2537.352650642395
2024-06-18 08:06:12.583628,73.53402996063232,2538.834372520447
2024-06-18 08:06:13.587329,73.57355976104736,2540.2146320343018
2024-06-18 08:06:14.594326,73.62959003448486,2541.5159578323364
2024-06-18 08:06:15.599039,73.81473064422607,2543.296236038208
2024-06-18 08:06:16.602501,73.88135814666748,2544.167766571045
2024-06-18 08:06:17.606940,73.9402322769165,2545.2682542800903
2024-06-18 08:06:18.611017,73.98940086364746,2546.3484230041504
2024-06-18 08:06:19.614071,74.05895042419434,2547.9256448745728
2024-06-18 08:06:20.620737,74.17208480834961,2549.6385316848755
2024-06-18 08:06:21.625292,74.27920246124268,2552.1110401153564
2024-06-18 08:06:22.631898,74.42924976348877,2554.8379707336426
2024-06-18 08:06:23.637404,74.58752632141113,2557.2088832855225
2024-06-18 08:06:24.642616,74.74824142456055,2559.461317062378
2024-06-18 08:06:25.649320,74.94371318817139,2561.6836166381836
2024-06-18 08:06:26.656253,75.00333786010742,2563.826018333435
2024-06-18 08:06:27.660713,75.05766773223877,2566.002161026001
2024-06-18 08:06:28.665055,75.12489986419678,2568.5291833877563
2024-06-18 08:06:29.668854,75.22092819213867,2571.1729469299316
2024-06-18 08:06:30.674591,75.3577241897583,2573.9752473831177
2024-06-18 08:06:31.679733,75.43961715698242,2576.7605085372925
2024-06-18 08:06:32.685703,75.50065326690674,2580.671455383301
2024-06-18 08:06:33.691096,75.55622005462646,2585.19668674469
2024-06-18 08:06:34.695327,75.6015100479126,2589.1039428710938
2024-06-18 08:06:35.698921,75.64920616149902,2593.766604423523
2024-06-18 08:06:36.705497,75.71083927154541,2598.1099157333374
2024-06-18 08:06:37.709754,75.75402545928955,2602.188133239746
2024-06-18 08:06:38.714838,75.80158519744873,2606.158082008362
2024-06-18 08:06:39.719139,75.86320686340332,2610.444067955017
2024-06-18 08:06:40.725578,75.92254447937012,2614.372368812561
2024-06-18 08:06:41.730528,75.97573947906494,2618.6183195114136
2024-06-18 08:06:42.735006,76.03038024902344,2622.992268562317
2024-06-18 08:06:43.739414,76.08199977874756,2627.311534881592
2024-06-18 08:06:44.745894,76.11539649963379,2627.9753227233887
2024-06-18 08:06:45.749205,76.16961574554443,2629.9479598999023
2024-06-18 08:06:46.755628,76.22958278656006,2631.7289142608643
2024-06-18 08:06:47.761317,76.28021335601807,2633.4750804901123
2024-06-18 08:06:48.766184,76.3271951675415,2635.6760272979736
2024-06-18 08:06:49.772295,76.38810920715332,2638.1438417434692
2024-06-18 08:06:50.778949,76.49612331390381,2640.664086341858
2024-06-18 08:06:51.783624,76.56893157958984,2643.181233406067
2024-06-18 08:06:52.790648,76.67733001708984,2644.857879638672
2024-06-18 08:06:53.795040,76.73746871948242,2647.4011850357056
2024-06-18 08:06:54.800777,76.81086349487305,2649.9920511245728
2024-06-18 08:06:55.804931,76.86791515350342,2652.1847915649414
2024-06-18 08:06:56.809383,76.91915798187256,2654.0775508880615
2024-06-18 08:06:57.814338,76.96472644805908,2655.8596992492676
2024-06-18 08:06:58.822973,77.01043510437012,2658.100811958313
2024-06-18 08:06:59.827533,77.0739574432373,2660.3946018218994
2024-06-18 08:07:00.832668,77.11658668518066,2662.5419416427612
2024-06-18 08:07:01.837297,77.16946315765381,2664.465096473694
2024-06-18 08:07:02.841621,77.21149921417236,2666.145422935486
2024-06-18 08:07:03.846177,77.25546646118164,2668.054394721985
2024-06-18 08:07:04.849948,77.29754734039307,2669.965343475342
2024-06-18 08:07:05.857294,77.34165382385254,2671.673539161682
2024-06-18 08:07:06.861943,77.4060926437378,2673.641227722168
2024-06-18 08:07:07.866175,77.44797325134277,2675.654529571533
2024-06-18 08:07:08.872519,77.51534366607666,2677.188593864441
2024-06-18 08:07:09.877371,77.58488082885742,2679.604305267334
2024-06-18 08:07:10.882470,77.61963081359863,2680.880431175232
2024-06-18 08:07:11.887010,77.6665449142456,2682.0897579193115
2024-06-18 08:07:12.890748,77.71442604064941,2683.179536819458
2024-06-18 08:07:13.896363,77.75169086456299,2684.469762802124
2024-06-18 08:07:14.899974,77.78769779205322,2685.631360054016
2024-06-18 08:07:15.906872,77.82033348083496,2687.1595392227173
2024-06-18 08:07:16.910679,77.85607719421387,2688.3313312530518
2024-06-18 08:07:17.917584,77.90782356262207,2689.86079120636
2024-06-18 08:07:18.925057,77.98229122161865,2691.9407415390015
2024-06-18 08:07:19.929426,78.0324239730835,2695.332116127014
2024-06-18 08:07:20.933869,78.07154941558838,2699.3761377334595
2024-06-18 08:07:21.940862,78.11338806152344,2703.8373975753784
2024-06-18 08:07:22.946407,78.14064693450928,2707.4019947052
2024-06-18 08:07:23.953529,78.16402339935303,2707.8397579193115
2024-06-18 08:07:24.958278,78.1882438659668,2708.685708999634
2024-06-18 08:07:25.962557,78.2194185256958,2709.8106145858765
2024-06-18 08:07:26.967213,78.2717227935791,2711.403311729431
2024-06-18 08:07:27.971644,78.3131456375122,2713.3972911834717
2024-06-18 08:07:28.977773,78.35227012634277,2715.597707748413
2024-06-18 08:07:29.982500,78.38464069366455,2720.3499088287354
2024-06-18 08:07:30.986714,78.42134666442871,2725.0847730636597
2024-06-18 08:07:31.991661,78.45995426177979,2729.468405723572
2024-06-18 08:07:32.995182,78.49450206756592,2733.1318502426147
2024-06-18 08:07:33.999011,78.53574085235596,2737.648609161377
2024-06-18 08:07:35.004696,78.56726360321045,2742.1144227981567
2024-06-18 08:07:36.009336,78.60407543182373,2746.8194437026978
2024-06-18 08:07:37.014206,78.63098526000977,2751.0977125167847
2024-06-18 08:07:38.017867,78.65928363800049,2755.600814819336
2024-06-18 08:07:39.021295,78.69632339477539,2759.559648513794
2024-06-18 08:07:40.025536,78.73646640777588,2763.991220474243
2024-06-18 08:07:41.029482,78.76521968841553,2767.5599002838135
2024-06-18 08:07:42.034490,78.8018445968628,2771.3739681243896
2024-06-18 08:07:43.039362,78.83243465423584,2775.2278728485107
2024-06-18 08:07:44.042829,78.85654926300049,2778.9816312789917
2024-06-18 08:07:45.047944,78.88978385925293,2782.605571746826
2024-06-18 08:07:46.052381,78.91616249084473,2786.418875694275
2024-06-18 08:07:47.056749,78.94096088409424,2790.153470993042
2024-06-18 08:07:48.061413,78.97177982330322,2794.370728492737
2024-06-18 08:07:49.065416,78.99413394927979,2797.8691263198853
2024-06-18 08:07:50.068433,79.02738189697266,2802.0531663894653
2024-06-18 08:07:51.072870,79.05046081542969,2805.6608457565308
2024-06-18 08:07:52.077130,79.0797643661499,2809.879086494446
2024-06-18 08:07:53.080817,79.111891746521,2813.7291774749756
2024-06-18 08:07:54.085231,79.14044094085693,2818.309536933899
2024-06-18 08:07:55.089701,79.17358875274658,2822.514018058777
2024-06-18 08:07:56.094347,79.20591354370117,2827.382791519165
2024-06-18 08:07:57.098207,79.2449197769165,2831.9567108154297
2024-06-18 08:07:58.102566,79.2799129486084,2836.559260368347
2024-06-18 08:07:59.105832,79.30924606323242,2841.208694458008
2024-06-18 08:08:00.113383,79.34500122070312,2845.494620323181
2024-06-18 08:08:01.118857,79.3630485534668,2847.065667152405
2024-06-18 08:08:02.123399,79.3905897140503,2847.384475708008
2024-06-18 08:08:03.127365,79.40664672851562,2847.7367191314697
2024-06-18 08:08:04.134476,79.446533203125,2849.2060565948486
2024-06-18 08:08:05.144457,79.48432064056396,2850.9307947158813
2024-06-18 08:08:06.153845,79.53564548492432,2852.9456090927124
2024-06-18 08:08:07.158096,79.59146118164062,2855.5287580490112
2024-06-18 08:08:08.166454,79.67665672302246,2858.2766494750977
2024-06-18 08:08:09.170869,79.73315811157227,2860.880563735962
2024-06-18 08:08:10.177254,79.79852390289307,2863.667227745056
2024-06-18 08:08:11.182892,79.86438179016113,2866.2548809051514
2024-06-18 08:08:12.188371,79.9110221862793,2867.8360862731934
2024-06-18 08:08:13.199101,79.93534851074219,2868.7503414154053
2024-06-18 08:08:14.217748,79.98272895812988,2870.3817586898804
2024-06-18 08:08:15.222629,80.02059364318848,2872.0320405960083
2024-06-18 08:08:16.227140,80.0404920578003,2872.59725856781
2024-06-18 08:08:17.231070,80.05582809448242,2873.176296234131
2024-06-18 08:08:18.237837,80.1075668334961,2874.3390951156616
2024-06-18 08:08:19.247161,80.14353370666504,2875.4489612579346
2024-06-18 08:08:20.254058,80.19970893859863,2877.0244970321655
2024-06-18 08:08:21.258958,80.22613906860352,2877.864624977112
2024-06-18 08:08:22.266089,80.24338340759277,2878.6207933425903
2024-06-18 08:08:23.270674,80.27628326416016,2879.7009840011597
2024-06-18 08:08:24.282570,80.30310249328613,2880.799186706543
2024-06-18 08:08:25.291710,80.34782123565674,2882.0711345672607
2024-06-18 08:08:26.296139,80.38935565948486,2883.8379821777344
2024-06-18 08:08:27.299900,80.43377494812012,2885.900137901306
2024-06-18 08:08:28.307966,80.48853015899658,2888.2004985809326
2024-06-18 08:08:29.321092,80.53225612640381,2890.2295570373535
2024-06-18 08:08:30.326474,80.58286380767822,2892.6039876937866
2024-06-18 08:08:31.334901,80.63372421264648,2894.848382949829
2024-06-18 08:08:32.339395,80.67479515075684,2896.6388654708862
2024-06-18 08:08:33.350745,80.7155237197876,2898.1543769836426
2024-06-18 08:08:34.355624,80.75687217712402,2899.923719406128
2024-06-18 08:08:35.363877,80.80946636199951,2901.7467126846313
2024-06-18 08:08:36.376772,80.84442234039307,2903.18230342865
2024-06-18 08:08:37.429918,80.882887840271,2904.816869735718
2024-06-18 08:08:38.439062,80.93378067016602,2906.3341484069824
2024-06-18 08:08:39.454394,80.9552583694458,2906.869466781616
2024-06-18 08:08:40.469254,80.98348426818848,2907.6843099594116
2024-06-18 08:08:41.484920,81.01243877410889,2908.880392074585
2024-06-18 08:08:42.491504,81.05548667907715,2910.755058288574
2024-06-18 08:08:43.513922,81.11253452301025,2913.144037246704
2024-06-18 08:08:44.518862,81.16683101654053,2915.329195022583
2024-06-18 08:08:45.530690,81.21498584747314,2917.196708679199
2024-06-18 08:08:46.534792,81.24883651733398,2918.5861120224
2024-06-18 08:08:47.545857,81.29174137115479,2920.626633644104
2024-06-18 08:08:48.552792,81.32703495025635,2922.0835466384888
2024-06-18 08:08:49.557423,81.36234855651855,2923.5345544815063
2024-06-18 08:08:50.563334,81.41496562957764,2925.8356437683105
2024-06-18 08:08:51.574339,81.46693229675293,2928.089653968811
2024-06-18 08:08:52.578961,81.5237169265747,2930.5136613845825
2024-06-18 08:08:53.584321,81.57908153533936,2933.086099624634
2024-06-18 08:08:54.589451,81.64211845397949,2935.673349380493
2024-06-18 08:08:55.593561,81.70438766479492,2938.4416818618774
2024-06-18 08:08:56.600619,81.76590538024902,2941.4008083343506
2024-06-18 08:08:57.621022,81.81755542755127,2943.499988555908
2024-06-18 08:08:58.629121,81.87436199188232,2945.871081352234
2024-06-18 08:08:59.642172,81.93558979034424,2948.2242164611816
2024-06-18 08:09:00.650742,81.98739528656006,2950.5446071624756
2024-06-18 08:09:01.654877,82.03686046600342,2952.5110387802124
2024-06-18 08:09:02.660895,82.07791709899902,2954.380941390991
2024-06-18 08:09:03.664903,82.13644599914551,2956.3807878494263
2024-06-18 08:09:04.669458,82.1892900466919,2958.47509098053
2024-06-18 08:09:05.685526,82.23588848114014,2960.6513776779175
2024-06-18 08:09:06.690914,82.28232669830322,2962.5437202453613
2024-06-18 08:09:07.695294,82.32590103149414,2964.4511823654175
2024-06-18 08:09:08.700810,82.38137245178223,2966.7189750671387
2024-06-18 08:09:09.705382,82.42926788330078,2968.876121520996
2024-06-18 08:09:10.710639,82.48361587524414,2971.194347381592
2024-06-18 08:09:11.716240,82.53231239318848,2973.3624563217163
2024-06-18 08:09:12.720698,82.56970596313477,2974.4891719818115
2024-06-18 08:09:13.726033,82.6048698425293,2975.389136314392
2024-06-18 08:09:14.730789,82.63164043426514,2976.6801233291626
2024-06-18 08:09:15.735666,82.66917991638184,2978.02153301239
2024-06-18 08:09:16.741074,82.71219158172607,2979.8526430130005
2024-06-18 08:09:17.745404,82.752121925354,2981.6869716644287
2024-06-18 08:09:18.749814,82.8003978729248,2983.663674354553
2024-06-18 08:09:19.753704,82.84247398376465,2985.721272468567
2024-06-18 08:09:20.768146,82.88020610809326,2987.153917312622
2024-06-18 08:09:21.777871,82.90889644622803,2988.128475189209
2024-06-18 08:09:22.804100,82.95186138153076,2989.715781211853
2024-06-18 08:09:23.813161,83.0106086730957,2991.516968727112
2024-06-18 08:09:24.820637,83.06425476074219,2993.5913219451904
2024-06-18 08:09:25.824386,83.115403175354,2995.4352407455444
2024-06-18 08:09:26.845774,83.15774917602539,2997.186734199524
2024-06-18 08:09:27.849854,83.21190547943115,2999.5611782073975
2024-06-18 08:09:28.864743,83.26540088653564,3001.7059831619263
2024-06-18 08:09:29.880738,83.30934715270996,3003.539083480835
2024-06-18 08:09:30.899962,83.37134742736816,3005.572985649109
2024-06-18 08:09:31.906244,83.41417980194092,3007.5448026657104
2024-06-18 08:09:32.915360,83.47179317474365,3009.6930227279663
2024-06-18 08:09:33.923777,83.49214935302734,3010.4428520202637
2024-06-18 08:09:34.932179,83.50925827026367,3011.170823097229
2024-06-18 08:09:35.939479,83.54045104980469,3012.2258501052856
2024-06-18 08:09:36.945810,83.56957817077637,3013.5409603118896
2024-06-18 08:09:37.951544,83.59743595123291,3014.8486976623535
2024-06-18 08:09:38.955428,83.6431016921997,3016.2677898406982
2024-06-18 08:09:39.960904,83.669264793396,3017.4080657958984
2024-06-18 08:09:40.965071,83.7068567276001,3018.7389345169067
2024-06-18 08:09:41.972829,83.74020195007324,3020.1608562469482
2024-06-18 08:09:42.977698,83.77175045013428,3021.4380807876587
2024-06-18 08:09:43.984860,83.82414722442627,3022.9548082351685
2024-06-18 08:09:44.993192,83.84392356872559,3023.908853530884
2024-06-18 08:09:46.004838,83.86397933959961,3024.8678703308105
2024-06-18 08:09:47.015488,83.89649200439453,3025.7020692825317
2024-06-18 08:09:48.019872,83.92083358764648,3026.8137674331665
2024-06-18 08:09:49.026109,83.95252799987793,3028.2394695281982
2024-06-18 08:09:50.031669,83.98828506469727,3029.617706298828
2024-06-18 08:09:51.041859,84.01659202575684,3030.8781032562256
2024-06-18 08:09:52.051028,84.05332851409912,3032.1619997024536
2024-06-18 08:09:53.056176,84.0835428237915,3033.612072944641
2024-06-18 08:09:54.079115,84.12426948547363,3035.2960653305054
2024-06-18 08:09:55.097778,84.15949249267578,3036.891001701355
2024-06-18 08:09:56.107308,84.19829845428467,3038.490216255188
2024-06-18 08:09:57.115298,84.23418521881104,3040.255669593811
2024-06-18 08:09:58.130655,84.28016757965088,3041.9808855056763
2024-06-18 08:09:59.141753,84.31513023376465,3043.755573272705
2024-06-18 08:10:00.149743,84.35826778411865,3045.4371194839478
2024-06-18 08:10:01.162028,84.38929653167725,3046.904788017273
2024-06-18 08:10:02.175055,84.42234420776367,3048.3379220962524
2024-06-18 08:10:03.195063,84.46132850646973,3049.829620361328
2024-06-18 08:10:04.204539,84.49627780914307,3051.4263801574707
2024-06-18 08:10:05.210882,84.54501438140869,3053.4764127731323
2024-06-18 08:10:06.224233,84.59055137634277,3055.230460166931
2024-06-18 08:10:07.233084,84.6262264251709,3056.8308095932007
2024-06-18 08:10:08.239895,84.66256523132324,3058.535223007202
2024-06-18 08:10:09.249230,84.70635318756104,3060.3120107650757
2024-06-18 08:10:10.257741,84.75828170776367,3062.417064666748
2024-06-18 08:10:11.268936,84.80815410614014,3064.6465606689453
2024-06-18 08:10:12.282737,84.86776351928711,3066.9337100982666
2024-06-18 08:10:13.287646,84.92115592956543,3069.541265487671
2024-06-18 08:10:14.297877,84.96151447296143,3071.303994178772
2024-06-18 08:10:15.308050,85.00171756744385,3073.231463432312
2024-06-18 08:10:16.325418,85.04730987548828,3075.0460414886475
2024-06-18 08:10:17.336287,85.08402252197266,3076.5671672821045
2024-06-18 08:10:18.347111,85.13150215148926,3078.2799406051636
2024-06-18 08:10:19.359605,85.1619930267334,3079.739510536194
2024-06-18 08:10:20.366160,85.19425296783447,3081.007393836975
2024-06-18 08:10:21.386012,85.22986221313477,3082.452217102051
2024-06-18 08:10:22.397590,85.26896095275879,3084.206985473633
2024-06-18 08:10:23.402829,85.29875469207764,3085.150465965271
2024-06-18 08:10:24.417939,85.34356212615967,3086.4471616744995
2024-06-18 08:10:25.423329,85.38595199584961,3088.06609249115
2024-06-18 08:10:26.446994,85.42014122009277,3089.461669921875
2024-06-18 08:10:27.459287,85.4526014328003,3090.7360401153564
2024-06-18 08:10:28.464331,85.48091411590576,3092.07572555542
2024-06-18 08:10:29.469075,85.51497554779053,3093.2938890457153
2024-06-18 08:10:30.474159,85.54671001434326,3094.7040939331055
2024-06-18 08:10:31.480507,85.59395027160645,3095.3653450012207
2024-06-18 08:10:32.485017,85.61304187774658,3095.585648536682
2024-06-18 08:10:33.489199,85.61802768707275,3095.776188850403
2024-06-18 08:10:34.496892,85.63004970550537,3096.0964212417603
2024-06-18 08:10:35.505126,85.6407117843628,3096.2912817001343
2024-06-18 08:10:36.512687,85.64656829833984,3096.4965410232544
2024-06-18 08:10:37.516379,85.658766746521,3096.730788230896
2024-06-18 08:10:38.521685,85.66364288330078,3096.947217941284
2024-06-18 08:10:39.528828,85.67330265045166,3097.4961433410645
2024-06-18 08:10:40.536759,85.68650531768799,3097.788003921509
2024-06-18 08:10:41.542856,85.69583988189697,3098.0973806381226
2024-06-18 08:10:42.548198,85.70626163482666,3098.4641819000244
2024-06-18 08:10:43.552899,85.72059535980225,3098.823094367981
2024-06-18 08:10:44.557486,85.72890186309814,3099.223660469055
2024-06-18 08:10:45.561668,85.74085807800293,3099.8867769241333
2024-06-18 08:10:46.566392,85.75468349456787,3100.3459854125977
2024-06-18 08:10:47.578999,85.76514720916748,3100.802269935608
2024-06-18 08:10:48.583868,85.7820634841919,3101.2930030822754
2024-06-18 08:10:49.592533,85.81424808502197,3101.945652961731
2024-06-18 08:10:50.599503,85.84101581573486,3102.5819730758667
2024-06-18 08:10:51.609088,85.85712242126465,3103.108922958374
2024-06-18 08:10:52.620701,85.86474990844727,3103.36625957489
2024-06-18 08:10:53.625205,85.88312435150146,3103.946186065674
2024-06-18 08:10:54.629817,85.89809036254883,3104.6359357833862
2024-06-18 08:10:55.635379,85.9205093383789,3105.3328218460083
2024-06-18 08:10:56.642501,85.94864082336426,3106.3761043548584
2024-06-18 08:10:57.647951,85.9631576538086,3107.046311378479
2024-06-18 08:10:58.650936,85.98195171356201,3107.6894187927246
2024-06-18 08:10:59.658751,85.99818325042725,3108.3847217559814
2024-06-18 08:11:00.671673,86.0196762084961,3109.1201791763306
2024-06-18 08:11:01.679232,86.03790950775146,3110.0080938339233
2024-06-18 08:11:02.683712,86.05252838134766,3110.801245689392
2024-06-18 08:11:03.699750,86.0804090499878,3111.006875038147
2024-06-18 08:11:04.704272,86.08534336090088,3111.142177581787
2024-06-18 08:11:05.711183,86.0946044921875,3111.166428565979
2024-06-18 08:11:06.717311,86.0964298248291,3111.2198734283447
2024-06-18 08:11:07.735176,86.10134696960449,3111.3492250442505
2024-06-18 08:11:08.743318,86.1131238937378,3111.722999572754
2024-06-18 08:11:09.749866,86.11616134643555,3111.8074140548706
2024-06-18 08:11:10.757815,86.12282466888428,3111.891743659973
2024-06-18 08:11:11.781613,86.12881755828857,3111.995252609253
2024-06-18 08:11:12.795841,86.14744663238525,3112.114535331726
2024-06-18 08:11:13.806862,86.15444946289062,3112.188652038574
2024-06-18 08:11:14.821560,86.16329002380371,3112.327073097229
2024-06-18 08:11:15.826709,86.17028713226318,3112.694436073303
2024-06-18 08:11:16.831856,86.17670822143555,3112.745035171509
2024-06-18 08:11:17.839396,86.17768096923828,3112.769618988037
2024-06-18 08:11:18.845527,86.18598175048828,3112.8100662231445
2024-06-18 08:11:19.850722,86.19954204559326,3112.8771896362305
2024-06-18 08:11:20.857340,86.20442581176758,3112.962965965271
2024-06-18 08:11:21.870694,86.21842098236084,3113.1679124832153
2024-06-18 08:11:22.877202,86.22494316101074,3113.275308609009
2024-06-18 08:11:23.881007,86.24259948730469,3113.3508768081665
2024-06-18 08:11:24.885414,86.24491310119629,3113.4165925979614
2024-06-18 08:11:25.891040,86.24794673919678,3113.4524364471436
2024-06-18 08:11:26.897370,86.25855159759521,3113.5365829467773
2024-06-18 08:11:33.230044,86.3593053817749,3114.6561765670776
2024-06-18 08:11:34.306828,86.36314105987549,3114.73633480072
2024-06-18 08:11:35.311817,86.36584186553955,3114.8347549438477
2024-06-18 08:11:36.316370,86.37558841705322,3114.9491539001465
2024-06-18 08:11:37.320632,86.37872982025146,3115.0767765045166
2024-06-18 08:11:38.325079,86.38524436950684,3115.2332763671875
2024-06-18 08:11:39.330071,86.40696620941162,3115.498691558838
2024-06-18 08:11:40.337258,86.41275978088379,3115.7910661697388
2024-06-18 08:11:41.344931,86.41836357116699,3115.938281059265
2024-06-18 08:11:42.348575,86.42836856842041,3116.025055885315
2024-06-18 08:11:43.356750,86.43122291564941,3116.129382133484
2024-06-18 08:11:44.360757,86.44108581542969,3116.223547935486
2024-06-18 08:11:45.366529,86.4465970993042,3116.3022203445435
2024-06-18 08:11:46.373428,86.45367813110352,3116.639326095581
2024-06-18 08:11:47.381228,86.46199703216553,3116.6780433654785
2024-06-18 08:11:48.388920,86.46276378631592,3116.705557823181
2024-06-18 08:11:49.393231,86.46574306488037,3116.7464504241943
2024-06-18 08:11:50.398685,86.48105812072754,3116.8142595291138
2024-06-18 08:11:51.403179,86.48800563812256,3116.96537399292
2024-06-18 08:11:52.408190,86.50708866119385,3117.1913347244263
2024-06-18 08:11:53.411616,86.52785873413086,3117.445333480835
2024-06-18 08:11:54.415873,86.53092002868652,3117.5236291885376
2024-06-18 08:11:55.422532,86.5346508026123,3117.5993432998657
2024-06-18 08:11:56.426427,86.54309844970703,3117.6981887817383
2024-06-18 08:11:57.434135,86.54543399810791,3117.760150909424
2024-06-18 08:11:58.439613,86.55963897705078,3118.142233848572
2024-06-18 08:11:59.447341,86.56399440765381,3118.234344482422
2024-06-18 08:12:00.455693,86.56771659851074,3118.328137397766
2024-06-18 08:12:01.464702,86.57819652557373,3118.437092781067
2024-06-18 08:12:02.471682,86.58242702484131,3118.585943222046
2024-06-18 08:12:03.476030,86.59414196014404,3118.7500190734863
2024-06-18 08:12:04.479023,86.59790420532227,3118.888026237488
2024-06-18 08:12:05.483381,86.61170864105225,3118.9723472595215
2024-06-18 08:12:06.492640,86.61183547973633,3118.9737968444824
2024-06-18 08:12:07.496177,86.61422348022461,3118.9786434173584
2024-06-18 08:12:08.501138,86.62411785125732,3118.9819374084473
2024-06-18 08:12:09.507199,86.63100051879883,3119.2847900390625
2024-06-18 08:12:10.511459,86.6398344039917,3119.2884435653687
2024-06-18 08:12:11.518542,86.65210151672363,3119.311905860901
2024-06-18 08:12:12.523391,86.6630859375,3119.339940071106
2024-06-18 08:12:13.531808,86.66656398773193,3119.398747444153
2024-06-18 08:12:14.538319,86.6793327331543,3119.4686031341553
2024-06-18 08:12:15.542423,86.6858549118042,3119.8229818344116
2024-06-18 08:12:16.546386,86.68927955627441,3119.9278116226196
2024-06-18 08:12:17.551795,86.69755554199219,3119.977767944336
2024-06-18 08:12:18.556260,86.70005416870117,3120.034746170044
2024-06-18 08:12:19.563088,86.7018985748291,3120.1005487442017
2024-06-18 08:12:20.567816,86.71635437011719,3120.3111362457275
2024-06-18 08:12:21.585339,86.73079490661621,3120.392601966858
2024-06-18 08:12:22.606250,86.74435901641846,3120.43541431427
2024-06-18 08:12:23.611875,86.75985908508301,3122.909215927124
2024-06-18 08:12:24.615956,86.80594539642334,3127.435838699341
2024-06-18 08:12:25.619314,86.8377799987793,3132.2070178985596
2024-06-18 08:12:26.623816,86.86801528930664,3137.033863067627
2024-06-18 08:12:27.628487,86.9014081954956,3141.6357421875
2024-06-18 08:12:28.631861,86.93469429016113,3145.5845708847046
2024-06-18 08:12:29.636178,86.9653205871582,3149.4731340408325
2024-06-18 08:12:30.640541,86.99066162109375,3153.5311212539673
2024-06-18 08:12:31.644483,87.01707649230957,3157.396312713623
2024-06-18 08:12:32.648522,87.02238845825195,3157.423131942749
2024-06-18 08:12:33.655798,87.0236644744873,3157.456029891968
2024-06-18 08:12:34.662811,87.03178691864014,3157.497983932495
2024-06-18 08:12:35.667948,87.0379638671875,3157.8018102645874
2024-06-18 08:12:36.675119,87.03978824615479,3157.8575353622437
2024-06-18 08:12:37.680843,87.05363082885742,3157.9158277511597
2024-06-18 08:12:38.687317,87.0645399093628,3158.023777961731
2024-06-18 08:12:39.693185,87.07709980010986,3158.2482624053955
2024-06-18 08:12:40.698504,87.08591938018799,3158.315456390381
2024-06-18 08:12:41.702544,87.0917911529541,3158.5069093704224
2024-06-18 08:12:42.708821,87.09356117248535,3158.5537004470825
2024-06-18 08:12:43.714911,87.10477256774902,3158.631739616394
2024-06-18 08:12:44.722300,87.1074275970459,3158.716414451599
2024-06-18 08:12:45.728463,87.10959243774414,3158.7680644989014
2024-06-18 08:12:46.734876,87.11810493469238,3158.796829223633
2024-06-18 08:12:47.741614,87.1184310913086,3158.8077545166016
2024-06-18 08:12:48.744895,87.11924362182617,3158.829921722412
2024-06-18 08:12:49.749881,87.13153553009033,3159.112274169922
2024-06-18 08:12:50.754476,87.13435173034668,3159.1446266174316
2024-06-18 08:12:51.763909,87.13978099822998,3159.3082637786865
2024-06-18 08:12:52.773096,87.15080165863037,3159.3467025756836
2024-06-18 08:12:53.778047,87.15487098693848,3159.383180618286
2024-06-18 08:12:54.782701,87.16290664672852,3159.4148168563843
2024-06-18 08:12:55.787334,87.16403865814209,3159.442600250244
2024-06-18 08:12:56.796073,87.16518878936768,3159.4798011779785
2024-06-18 08:12:57.801846,87.17404747009277,3159.522826194763
2024-06-18 08:12:58.806918,87.18016624450684,3159.8406496047974
2024-06-18 08:12:59.813112,87.19063472747803,3159.9276914596558
2024-06-18 08:13:00.820929,87.19350051879883,3159.9985160827637
2024-06-18 08:13:01.827164,87.19857406616211,3160.1112337112427
2024-06-18 08:13:02.833218,87.2139310836792,3160.335865020752
2024-06-18 08:13:03.839748,87.22019004821777,3160.4029178619385
2024-06-18 08:13:04.845489,87.22075080871582,3160.4159984588623
2024-06-18 08:13:05.850796,87.22821235656738,3160.4356327056885
2024-06-18 08:13:06.854915,87.22936344146729,3160.464626312256
2024-06-18 08:13:07.858346,87.23906230926514,3160.4897174835205
2024-06-18 08:13:08.862846,87.26440238952637,3160.7604179382324
2024-06-18 08:13:09.867813,87.26756191253662,3160.76469039917
2024-06-18 08:13:10.873551,87.27079772949219,3160.7665042877197
2024-06-18 08:13:11.877585,87.2795238494873,3160.7692289352417
2024-06-18 08:13:12.883056,87.28448963165283,3160.8778076171875
2024-06-18 08:13:13.891061,87.29138278961182,3160.882314682007
2024-06-18 08:13:14.898656,87.29170894622803,3160.8936738967896
2024-06-18 08:13:15.903039,87.29323196411133,3160.9160652160645
2024-06-18 08:13:16.906177,87.30638980865479,3161.210795402527
2024-06-18 08:13:17.911625,87.3092393875122,3161.223801612854
2024-06-18 08:13:18.916217,87.31306552886963,3161.2475271224976
2024-06-18 08:13:19.922426,87.320725440979,3161.270312309265
2024-06-18 08:13:20.925253,87.325270652771,3161.3091497421265
2024-06-18 08:13:21.933413,87.33597087860107,3161.4913263320923
2024-06-18 08:13:22.940646,87.34238815307617,3161.5693702697754
2024-06-18 08:13:23.946753,87.34898090362549,3161.6395378112793
2024-06-18 08:13:24.951193,87.35816669464111,3161.7164764404297
2024-06-18 08:13:25.957594,87.36058902740479,3161.777425765991
2024-06-18 08:13:26.964475,87.36248111724854,3161.8388080596924
2024-06-18 08:13:27.972214,87.3761625289917,3162.153539657593
2024-06-18 08:13:28.978941,87.37773609161377,3162.2147216796875
2024-06-18 08:13:29.985687,87.38342094421387,3162.412847518921
2024-06-18 08:13:30.991968,87.39974975585938,3162.5005922317505
2024-06-18 08:13:31.996441,87.40497016906738,3162.599244117737
2024-06-18 08:13:33.002302,87.40803146362305,3162.690676689148
2024-06-18 08:13:34.008465,87.41634178161621,3162.7446460723877
2024-06-18 08:13:35.011852,87.41858577728271,3162.833092689514
2024-06-18 08:13:36.016490,87.42826080322266,3162.9295444488525
2024-06-18 08:13:37.020900,87.43603038787842,3163.284209251404
2024-06-18 08:13:38.025570,87.43900299072266,3163.38009929657
2024-06-18 08:13:39.028801,87.4661455154419,3163.504204750061
2024-06-18 08:13:40.033593,87.471510887146,3163.57292842865
2024-06-18 08:13:41.038253,87.47986316680908,3163.794479370117
2024-06-18 08:13:42.045723,87.48994827270508,3163.874415397644
2024-06-18 08:13:43.056319,87.50338935852051,3163.970901489258
2024-06-18 08:13:44.073634,87.50930786132812,3164.1044578552246
2024-06-18 08:13:45.079469,87.52079772949219,3164.2419872283936
2024-06-18 08:13:46.086806,87.52321243286133,3164.3517570495605
2024-06-18 08:13:47.091945,87.53364753723145,3164.7016582489014
2024-06-18 08:13:48.099409,87.54814529418945,3164.790410041809
2024-06-18 08:13:49.105262,87.55177402496338,3164.8858432769775
2024-06-18 08:13:50.116022,87.56204795837402,3164.98646736145
2024-06-18 08:13:51.124615,87.56914901733398,3165.206295967102
2024-06-18 08:13:52.139937,87.57589340209961,3165.4075241088867
2024-06-18 08:13:53.149221,87.58642959594727,3165.527313232422
2024-06-18 08:13:54.156308,87.58989429473877,3165.6028213500977
2024-06-18 08:13:55.168168,87.60157775878906,3165.6495656967163
2024-06-18 08:13:56.174881,87.60335063934326,3165.6832876205444
2024-06-18 08:13:57.195556,87.60534954071045,3165.722382545471
2024-06-18 08:13:58.202275,87.6168851852417,3165.7575664520264
2024-06-18 08:13:59.206840,87.62210273742676,3166.0603313446045
2024-06-18 08:14:00.229761,87.63180255889893,3166.130989074707
2024-06-18 08:14:01.236445,87.63356494903564,3166.207191467285
2024-06-18 08:14:02.250656,87.63965797424316,3166.4356803894043
2024-06-18 08:14:03.261442,87.64667224884033,3166.4932498931885
2024-06-18 08:14:04.266045,87.65111446380615,3166.563150405884
2024-06-18 08:14:05.270703,87.65950107574463,3166.6064882278442
2024-06-18 08:14:06.278221,87.661452293396,3166.66441822052
2024-06-18 08:14:07.299324,87.66248226165771,3166.69797039032
2024-06-18 08:14:08.319380,87.66809272766113,3166.7395401000977
2024-06-18 08:14:09.342019,87.66895294189453,3166.7665824890137
2024-06-18 08:14:10.346372,87.68167209625244,3167.096125602722
2024-06-18 08:14:11.351506,87.69112300872803,3167.1393814086914
2024-06-18 08:14:12.360507,87.70591163635254,3167.217442512512
2024-06-18 08:14:13.380727,87.71119689941406,3167.287919998169
2024-06-18 08:14:14.391004,87.72094821929932,3167.3817863464355
2024-06-18 08:14:15.412997,87.73305606842041,3167.7469968795776
2024-06-18 08:14:16.424821,87.73677062988281,3167.8512563705444
2024-06-18 08:14:17.432578,87.74331283569336,3167.9205598831177
2024-06-18 08:14:18.452510,87.7449312210083,3167.963345527649
2024-06-18 08:14:19.473499,87.76004695892334,3168.151937484741
2024-06-18 08:14:20.478900,87.7640151977539,3168.1797313690186
2024-06-18 08:14:21.497446,87.77078056335449,3168.2072744369507
2024-06-18 08:14:22.509688,87.7780237197876,3168.225125312805
2024-06-18 08:14:23.537957,87.7856388092041,3168.2482862472534
2024-06-18 08:14:24.563827,87.78737831115723,3168.2673139572144
2024-06-18 08:14:25.570697,87.79618167877197,3168.2806787490845
2024-06-18 08:14:26.581860,87.80074977874756,3168.569320678711
2024-06-18 08:14:27.595899,87.80538654327393,3168.571002960205
2024-06-18 08:14:28.603616,87.80538654327393,3168.571002960205
2024-06-18 08:14:29.613609,87.81014060974121,3168.572834968567
2024-06-18 08:14:30.628659,87.81041526794434,3168.5778818130493
2024-06-18 08:14:31.641019,87.81918144226074,3168.754674911499
2024-06-18 08:14:32.649687,87.82273292541504,3168.776340484619
2024-06-18 08:14:33.653908,87.83013534545898,3168.78989982605
2024-06-18 08:14:34.662100,87.83106327056885,3168.814868927002
2024-06-18 08:14:35.670934,87.83241367340088,3168.8504161834717
2024-06-18 08:14:36.693463,87.83828258514404,3168.8858642578125
2024-06-18 08:14:37.699202,87.8394775390625,3168.909553527832
2024-06-18 08:14:38.709417,87.8455171585083,3168.9541759490967
2024-06-18 08:14:39.720931,87.8512773513794,3169.2433433532715
2024-06-18 08:14:40.727718,87.86133766174316,3169.284243583679
2024-06-18 08:14:41.738465,87.86477184295654,3169.291157722473
2024-06-18 08:14:42.747448,87.8713960647583,3169.4056997299194
2024-06-18 08:14:43.763944,87.88107681274414,3169.4310626983643
2024-06-18 08:14:44.786140,87.88232898712158,3169.4603061676025
2024-06-18 08:14:45.799309,87.88841533660889,3169.4970092773438
2024-06-18 08:14:46.813581,87.8944034576416,3169.812084197998
2024-06-18 08:14:47.830790,87.89995574951172,3169.83899974823
2024-06-18 08:14:48.840835,87.90249729156494,3169.85772895813
2024-06-18 08:14:49.848185,87.9104642868042,3169.8956661224365
2024-06-18 08:14:50.857375,87.91913986206055,3169.933897972107
2024-06-18 08:14:51.874341,87.92096519470215,3169.987692832947
2024-06-18 08:14:52.892710,87.93174362182617,3170.19047164917
2024-06-18 08:14:53.903571,87.93515014648438,3170.2726516723633
2024-06-18 08:14:54.927664,87.95121955871582,3170.4009294509888
2024-06-18 08:14:55.943643,87.95390319824219,3170.4760999679565
2024-06-18 08:14:56.963310,87.9686803817749,3170.843897819519
2024-06-18 08:14:57.975258,87.97478580474854,3170.978331565857
2024-06-18 08:14:58.989433,87.98550319671631,3171.077946662903
2024-06-18 08:14:59.996948,87.98985385894775,3171.161810874939
2024-06-18 08:15:01.009173,87.99253940582275,3171.2272272109985
2024-06-18 08:15:02.017716,88.00427436828613,3171.3842906951904
2024-06-18 08:15:03.033073,88.01072692871094,3171.420663833618
2024-06-18 08:15:04.047781,88.0128288269043,3171.4551181793213
2024-06-18 08:15:05.073408,88.01948356628418,3171.5004358291626
2024-06-18 08:15:06.082009,88.02074813842773,3171.5399084091187
2024-06-18 08:15:07.088085,88.02646541595459,3171.5452241897583
2024-06-18 08:15:08.106867,88.02731609344482,3171.5513830184937
2024-06-18 08:15:09.113797,88.03981018066406,3171.829298019409
2024-06-18 08:15:10.121893,88.04220390319824,3171.872396469116
2024-06-18 08:15:11.131336,88.05227661132812,3171.943726539612
2024-06-18 08:15:12.144689,88.06377792358398,3172.1142349243164
2024-06-18 08:15:13.155425,88.08461475372314,3172.1687965393066
2024-06-18 08:15:14.161709,88.09688377380371,3172.2297344207764
2024-06-18 08:15:15.176086,88.10574245452881,3172.3161945343018
2024-06-18 08:15:16.190689,88.11152935028076,3172.407699584961
2024-06-18 08:15:17.201440,88.12155342102051,3172.5087099075317
2024-06-18 08:15:18.217978,88.12663459777832,3172.622170448303
2024-06-18 08:15:19.229014,88.13770866394043,3172.784013748169
2024-06-18 08:15:20.236028,88.1436710357666,3172.9186935424805
2024-06-18 08:15:21.250908,88.15769672393799,3173.3331604003906
2024-06-18 08:15:22.257293,88.16430377960205,3173.450017929077
2024-06-18 08:15:23.274080,88.17210102081299,3173.537456512451
2024-06-18 08:15:24.288218,88.1881217956543,3173.641996383667
2024-06-18 08:15:25.296391,88.19604873657227,3173.7333660125732
2024-06-18 08:15:26.310828,88.19925594329834,3173.839400291443
2024-06-18 08:15:27.329034,88.2378282546997,3174.1653184890747
2024-06-18 08:15:28.341239,88.25111484527588,3174.2727279663086
2024-06-18 08:15:29.346580,88.25669956207275,3174.4619998931885
2024-06-18 08:15:30.368556,88.27410793304443,3174.815965652466
2024-06-18 08:15:31.375066,88.28753185272217,3175.0512952804565
2024-06-18 08:15:32.382497,88.30137348175049,3175.3349781036377
2024-06-18 08:15:33.389240,88.30799102783203,3175.6103258132935
2024-06-18 08:15:34.393359,88.3228874206543,3175.924765586853
2024-06-18 08:15:35.398563,88.33237171173096,3176.2541360855103
2024-06-18 08:15:36.405029,88.34292125701904,3176.773455619812
2024-06-18 08:15:37.410633,88.36056709289551,3177.3810110092163
2024-06-18 08:15:38.421263,88.36976623535156,3177.764612197876
2024-06-18 08:15:39.426610,88.37810611724854,3178.1325969696045
2024-06-18 08:15:40.436656,88.39380741119385,3178.5209131240845
2024-06-18 08:15:41.443807,88.40290069580078,3178.978196144104
2024-06-18 08:15:42.452783,88.41787528991699,3179.544575691223
2024-06-18 08:15:43.457379,88.43293190002441,3179.9434146881104
2024-06-18 08:15:44.472388,88.44398498535156,3180.4662380218506
2024-06-18 08:15:45.477384,88.45459270477295,3181.025691986084
2024-06-18 08:15:46.484249,88.47874450683594,3181.599575996399
2024-06-18 08:15:47.488586,88.49617004394531,3182.409811973572
2024-06-18 08:15:48.499828,88.51664447784424,3183.0362119674683
2024-06-18 08:15:49.504960,88.53166580200195,3183.681706428528
2024-06-18 08:15:50.511667,88.54331684112549,3184.3175745010376
2024-06-18 08:15:51.516427,88.57648754119873,3185.058497428894
2024-06-18 08:15:52.521979,88.58658409118652,3185.565203666687
2024-06-18 08:15:53.526132,88.59917831420898,3186.207530975342
2024-06-18 08:15:54.531763,88.61888313293457,3186.886993408203
2024-06-18 08:15:55.538083,88.6315975189209,3187.611129760742
2024-06-18 08:15:56.543121,88.64834976196289,3188.578917503357
2024-06-18 08:15:57.565389,88.66941738128662,3189.4859981536865
2024-06-18 08:15:58.570879,88.68637561798096,3190.3094987869263
2024-06-18 08:15:59.576307,88.70415782928467,3191.1921167373657
2024-06-18 08:16:00.581491,88.7240629196167,3192.033103942871
2024-06-18 08:16:01.593337,88.73574733734131,3192.5377464294434
2024-06-18 08:16:02.602454,88.75259399414062,3192.6094856262207
2024-06-18 08:16:03.614533,88.7642068862915,3192.6707792282104
2024-06-18 08:16:04.619258,88.76910400390625,3192.7352800369263
2024-06-18 08:16:05.624279,88.77257061004639,3192.773274421692
2024-06-18 08:16:06.629360,88.78139305114746,3192.793918609619
2024-06-18 08:16:07.639157,88.78243732452393,3192.794605255127
2024-06-18 08:16:08.657562,88.789137840271,3192.79496383667
2024-06-18 08:16:09.672031,88.789137840271,3192.79496383667
2024-06-18 08:16:10.678667,88.79986190795898,3193.080502510071
2024-06-18 08:16:11.688622,88.80758857727051,3193.081600189209
2024-06-18 08:16:12.696841,88.8106632232666,3193.0852518081665
2024-06-18 08:16:13.708904,88.82611179351807,3193.0970945358276
2024-06-18 08:16:14.722450,88.83248043060303,3193.104241371155
2024-06-18 08:16:15.738663,88.83462524414062,3193.1090564727783
2024-06-18 08:16:16.743975,88.8464527130127,3193.404775619507
2024-06-18 08:16:17.762665,88.8464527130127,3193.404941558838
2024-06-18 08:16:18.770852,88.8479356765747,3193.431257247925
2024-06-18 08:16:19.780523,88.85474967956543,3193.4349575042725
2024-06-18 08:16:20.786600,88.85833072662354,3193.439302444458
2024-06-18 08:16:21.803970,88.87528038024902,3193.5931463241577
2024-06-18 08:16:22.815268,88.878173828125,3193.595184326172
2024-06-18 08:16:23.833854,88.87859153747559,3193.603035926819
2024-06-18 08:16:24.844335,88.88328838348389,3193.604681968689
2024-06-18 08:16:25.858679,88.89157772064209,3193.617331504822
2024-06-18 08:16:26.885113,88.8984317779541,3193.618037223816
2024-06-18 08:16:27.892679,88.90301322937012,3193.8753786087036
2024-06-18 08:16:28.897409,88.9078197479248,3193.8809299468994
2024-06-18 08:16:29.906120,88.92108345031738,3193.8931427001953
2024-06-18 08:16:30.916857,88.92163848876953,3193.908761024475
2024-06-18 08:16:31.929847,88.92579650878906,3194.064610481262
2024-06-18 08:16:32.935187,88.93246746063232,3194.0660486221313
2024-06-18 08:16:33.953965,88.93579959869385,3194.079641342163
2024-06-18 08:16:34.964510,88.93678379058838,3194.0891246795654
2024-06-18 08:16:35.978475,88.9435396194458,3194.090708732605
2024-06-18 08:16:36.988511,88.94416427612305,3194.0991315841675
2024-06-18 08:16:37.998235,88.9522352218628,3194.1060371398926
2024-06-18 08:16:39.005038,88.96753692626953,3194.4062643051147
2024-06-18 08:16:40.015470,88.9836835861206,3194.435396194458
2024-06-18 08:16:41.019868,88.9887580871582,3194.4435510635376
2024-06-18 08:16:42.025187,88.98928451538086,3194.4586248397827
2024-06-18 08:16:43.029818,88.99920558929443,3194.469211578369
2024-06-18 08:16:44.034201,89.00017547607422,3194.4832439422607
2024-06-18 08:16:45.038745,89.00943756103516,3194.793095588684
2024-06-18 08:16:46.046502,89.01693344116211,3194.8201932907104
2024-06-18 08:16:47.054098,89.01698589324951,3194.8202447891235
2024-06-18 08:16:48.071061,89.01756381988525,3194.8328409194946
2024-06-18 08:16:49.091280,89.02303791046143,3194.836256980896
2024-06-18 08:16:50.095702,89.02473831176758,3194.83660030365
2024-06-18 08:16:51.103879,89.04049301147461,3194.846869468689
2024-06-18 08:16:52.113498,89.0483627319336,3195.002151489258
2024-06-18 08:16:53.129173,89.0555534362793,3195.0068283081055
2024-06-18 08:16:54.143594,89.05602836608887,3195.0188064575195
2024-06-18 08:16:55.159650,89.05609130859375,3195.021436691284
2024-06-18 08:16:56.172691,89.06093502044678,3195.0309705734253
2024-06-18 08:16:57.192562,89.06129360198975,3195.0392599105835
2024-06-18 08:16:58.202968,89.07695770263672,3195.318422317505
2024-06-18 08:16:59.207786,89.09976768493652,3195.3229761123657
2024-06-18 08:17:00.213603,89.11642360687256,3195.354051589966
2024-06-18 08:17:01.222664,89.13326168060303,3195.506167411804
2024-06-18 08:17:02.237679,89.14011859893799,3195.792513847351
2024-06-18 08:17:03.241859,89.14469909667969,3195.9677534103394
2024-06-18 08:17:04.250659,89.15704345703125,3196.174367904663
2024-06-18 08:17:05.269725,89.16259098052979,3196.418836593628
2024-06-18 08:17:06.273611,89.17263603210449,3196.708088874817
2024-06-18 08:17:07.282400,89.17996120452881,3197.032570838928
2024-06-18 08:17:08.303682,89.20059585571289,3197.376256942749
2024-06-18 08:17:09.309431,89.22211837768555,3198.2763023376465
2024-06-18 08:17:10.314671,89.23413753509521,3198.642216682434
2024-06-18 08:17:11.326761,89.24282646179199,3199.051652908325
2024-06-18 08:17:12.334038,89.26993370056152,3199.485502243042
2024-06-18 08:17:13.340617,89.27897930145264,3199.94061088562
2024-06-18 08:17:14.346056,89.28610038757324,3200.390495300293
2024-06-18 08:17:15.352887,89.2996473312378,3200.800733566284
2024-06-18 08:17:16.357551,89.3127326965332,3201.571530342102
2024-06-18 08:17:17.367460,89.32005977630615,3202.0403566360474
2024-06-18 08:17:18.374908,89.33420944213867,3202.5892181396484
2024-06-18 08:17:19.380900,89.33960247039795,3202.9749937057495
2024-06-18 08:17:20.387027,89.34715843200684,3203.431526184082
2024-06-18 08:17:21.391492,89.3638277053833,3204.028388977051
2024-06-18 08:17:22.397209,89.379469871521,3204.674843788147
2024-06-18 08:17:23.406536,89.39795780181885,3205.2328729629517
2024-06-18 08:17:24.412504,89.42680549621582,3205.851007461548
2024-06-18 08:17:25.418879,89.43818378448486,3206.4764080047607
2024-06-18 08:17:26.430699,89.45916175842285,3207.0592193603516
2024-06-18 08:17:27.440640,89.47738647460938,3207.909158706665
2024-06-18 08:17:28.446020,89.48907375335693,3208.551805496216
2024-06-18 08:17:29.450889,89.50563621520996,3209.240689277649
2024-06-18 08:17:30.456336,89.51457786560059,3209.487356185913
2024-06-18 08:17:31.461749,89.53932762145996,3210.3167114257812
2024-06-18 08:17:32.469158,89.56035327911377,3211.0851249694824
2024-06-18 08:17:33.480585,89.56106758117676,3211.098081588745
2024-06-18 08:17:34.484289,89.5863389968872,3211.379698753357
2024-06-18 08:17:35.496965,89.58758735656738,3211.380645751953
2024-06-18 08:17:36.503816,89.59240245819092,3211.38712310791
2024-06-18 08:17:37.516051,89.59290599822998,3211.403636932373
2024-06-18 08:17:38.537871,89.60189056396484,3211.428252220154
2024-06-18 08:17:39.544058,89.60435390472412,3211.478129386902
2024-06-18 08:17:40.561106,89.6189775466919,3211.690438270569
2024-06-18 08:17:41.567985,89.61992168426514,3211.7292642593384
2024-06-18 08:17:42.581254,89.62057876586914,3211.7511377334595
2024-06-18 08:17:43.587116,89.62740898132324,3211.75426197052
2024-06-18 08:17:44.592494,89.62753963470459,3211.7557649612427
2024-06-18 08:17:45.598191,89.62818813323975,3211.7564764022827
2024-06-18 08:17:46.609638,89.64194393157959,3212.04647064209
2024-06-18 08:17:47.614959,89.64216041564941,3212.0469188690186
2024-06-18 08:17:48.623833,89.64269828796387,3212.0619831085205
2024-06-18 08:17:49.630661,89.64951705932617,3212.065103530884
2024-06-18 08:17:50.636420,89.6498031616211,3212.0667390823364
2024-06-18 08:17:51.642675,89.68507385253906,3212.192295074463
2024-06-18 08:17:52.651225,89.69351100921631,3212.1936655044556
2024-06-18 08:17:53.662363,89.70303916931152,3212.3444175720215
2024-06-18 08:17:54.675613,89.71254539489746,3212.346668243408
2024-06-18 08:17:55.688857,89.7139778137207,3212.3716888427734
2024-06-18 08:17:56.696115,89.73080921173096,3212.3902626037598
2024-06-18 08:17:57.703376,89.74053287506104,3212.420181274414
2024-06-18 08:17:58.709696,89.74709129333496,3212.752215385437
2024-06-18 08:17:59.714620,89.75621891021729,3212.757390022278
2024-06-18 08:24:05.375237,91.84562492370605,3258.3196630477905
2024-06-18 08:24:06.448816,91.84732341766357,3258.3667182922363
2024-06-18 08:24:07.454010,91.84950542449951,3258.4237174987793
2024-06-18 08:24:08.459243,91.85586643218994,3258.4906425476074
2024-06-18 08:24:09.465705,91.86255931854248,3258.8427629470825
2024-06-18 08:24:10.469741,91.87609577178955,3258.9228353500366
2024-06-18 08:24:11.476210,91.88085460662842,3259.029116630554
2024-06-18 08:24:12.483526,91.89456748962402,3259.135245323181
2024-06-18 08:24:13.487657,91.89929866790771,3259.253858566284
2024-06-18 08:24:14.495243,91.91105651855469,3259.3761529922485
2024-06-18 08:24:15.499173,91.92299747467041,3259.73397064209
2024-06-18 08:24:16.505982,91.92681884765625,3259.859589576721
2024-06-18 08:24:17.510754,91.93768882751465,3259.9556312561035
2024-06-18 08:24:18.514897,91.94663715362549,3260.033000946045
2024-06-18 08:24:19.519304,91.95019340515137,3260.1165046691895
2024-06-18 08:24:20.526512,91.96183013916016,3260.277497291565
2024-06-18 08:24:21.533870,91.9636583328247,3260.3410806655884
2024-06-18 08:24:22.539697,91.96948432922363,3260.5485792160034
2024-06-18 08:24:23.545052,91.98092842102051,3260.6284284591675
2024-06-18 08:24:24.562936,91.98353672027588,3260.7116289138794
2024-06-18 08:24:25.574259,91.98718166351318,3260.81503200531
2024-06-18 08:24:26.588399,91.9941930770874,3260.872245788574
2024-06-18 08:24:27.596894,91.99746036529541,3260.959421157837
2024-06-18 08:24:28.610651,92.0191879272461,3261.3846130371094
2024-06-18 08:24:29.619675,92.02692413330078,3261.4789152145386
2024-06-18 08:24:30.625746,92.03155136108398,3261.5747394561768
2024-06-18 08:24:31.633614,92.0518798828125,3261.7130756378174
2024-06-18 08:24:32.639235,92.05377578735352,3261.7568922042847
2024-06-18 08:24:33.646905,92.05706787109375,3261.8340435028076
2024-06-18 08:24:34.658744,92.06603145599365,3261.903633117676
2024-06-18 08:24:35.667246,92.07382011413574,3262.2316007614136
2024-06-18 08:24:36.679416,92.08449077606201,3262.327325820923
2024-06-18 08:24:37.682852,92.09176731109619,3262.4023990631104
2024-06-18 08:24:38.699253,92.09465789794922,3262.493740081787
2024-06-18 08:24:39.704788,92.10873794555664,3262.758366584778
2024-06-18 08:24:40.719053,92.11271858215332,3262.8718957901
2024-06-18 08:24:41.733329,92.13694858551025,3263.0229272842407
2024-06-18 08:24:42.747693,92.14151763916016,3263.144450187683
2024-06-18 08:24:43.753391,92.14566040039062,3263.3072452545166
2024-06-18 08:24:44.767751,92.15760803222656,3263.4408473968506
2024-06-18 08:24:45.776457,92.1658992767334,3263.5085124969482
2024-06-18 08:24:46.788779,92.17005825042725,3263.5588006973267
2024-06-18 08:24:47.807291,92.18053722381592,3263.922785758972
2024-06-18 08:24:48.822270,92.18300914764404,3263.987724304199
2024-06-18 08:24:49.828699,92.18504905700684,3264.0420427322388
2024-06-18 08:24:50.847858,92.19581604003906,3264.126682281494
2024-06-18 08:24:51.857622,92.20154285430908,3264.2966508865356
2024-06-18 08:24:52.865500,92.2028865814209,3264.3264236450195
2024-06-18 08:24:53.872272,92.21122455596924,3264.344285964966
2024-06-18 08:24:54.887265,92.21198558807373,3264.3642349243164
2024-06-18 08:24:55.916474,92.2199649810791,3264.385516166687
2024-06-18 08:24:56.925945,92.22060680389404,3264.4049129486084
2024-06-18 08:24:57.933878,92.22183513641357,3264.424810409546
2024-06-18 08:24:58.943625,92.2347412109375,3264.698088645935
2024-06-18 08:24:59.958126,92.23521614074707,3264.709334373474
2024-06-18 08:25:00.971521,92.24200057983398,3264.7119140625
2024-06-18 08:25:01.978687,92.24250411987305,3264.7336769104004
2024-06-18 08:25:02.986034,92.24691677093506,3264.8934965133667
2024-06-18 08:25:03.994518,92.25798988342285,3264.949394226074
2024-06-18 08:25:05.007929,92.25948333740234,3264.98233795166
2024-06-18 08:25:06.016836,92.26227569580078,3265.055860519409
2024-06-18 08:25:07.026012,92.27014255523682,3265.126178741455
2024-06-18 08:25:08.040856,92.27208232879639,3265.18851852417
2024-06-18 08:25:09.054295,92.28542423248291,3265.5315532684326
2024-06-18 08:25:10.063723,92.29200172424316,3265.5699491500854
2024-06-18 08:25:11.076018,92.29424571990967,3265.6172647476196
2024-06-18 08:25:12.085149,92.30294132232666,3265.6663026809692
2024-06-18 08:25:13.103088,92.30550956726074,3265.718744277954
2024-06-18 08:25:14.128987,92.31983947753906,3265.751227378845
2024-06-18 08:25:15.144245,92.33013534545898,3265.798930168152
2024-06-18 08:25:16.169578,92.33745002746582,3266.0899982452393
2024-06-18 08:25:17.184949,92.34232330322266,3266.1245403289795
2024-06-18 08:25:18.197783,92.34935188293457,3266.1532592773438
2024-06-18 08:25:19.214127,92.35071754455566,3266.181983947754
2024-06-18 08:25:20.224576,92.38423442840576,3266.3545541763306
2024-06-18 08:25:21.232347,92.3950891494751,3266.424695968628
2024-06-18 08:25:22.247192,92.40257740020752,3266.5776863098145
2024-06-18 08:25:23.253083,92.41384315490723,3266.7504234313965
2024-06-18 08:25:24.259228,92.41951751708984,3266.9672346115112
2024-06-18 08:25:25.267516,92.42472171783447,3267.1647300720215
2024-06-18 08:25:26.272471,92.43474578857422,3267.401641845703
2024-06-18 08:25:27.276445,92.44546604156494,3267.956762313843
2024-06-18 08:25:28.287798,92.46055698394775,3268.3063945770264
2024-06-18 08:25:29.294965,92.46893692016602,3268.654808998108
2024-06-18 08:25:30.307929,92.47976207733154,3269.0198678970337
2024-06-18 08:25:31.312982,92.50676918029785,3269.416382789612
2024-06-18 08:25:32.318192,92.51884746551514,3269.929512023926
2024-06-18 08:25:33.323342,92.53573226928711,3270.33242893219
2024-06-18 08:25:34.340563,92.54822540283203,3270.363512992859
2024-06-18 08:25:35.356294,92.55419158935547,3270.3844804763794
2024-06-18 08:25:36.367097,92.55837917327881,3270.398159980774
2024-06-18 08:25:37.375976,92.56855392456055,3270.647837638855
2024-06-18 08:25:38.393837,92.56882858276367,3270.653476715088
2024-06-18 08:25:39.410946,92.57357978820801,3270.6607093811035
2024-06-18 08:25:40.425003,92.58053588867188,3270.8101663589478
2024-06-18 08:25:41.442761,92.58554553985596,3270.829670906067
2024-06-18 08:25:42.448186,92.58702182769775,3270.8535985946655
2024-06-18 08:25:43.457412,92.5925064086914,3270.891983985901
2024-06-18 08:25:44.465239,92.59405517578125,3270.9337797164917
2024-06-18 08:25:45.470850,92.59937858581543,3270.953040122986
2024-06-18 08:25:46.477988,92.6064100265503,3271.2334299087524
2024-06-18 08:25:47.485951,92.62452697753906,3271.2721004486084
2024-06-18 08:25:48.495891,92.62875080108643,3271.321955680847
2024-06-18 08:25:49.520587,92.63705253601074,3271.349341392517
2024-06-18 08:25:50.525344,92.6382360458374,3271.3867654800415
2024-06-18 08:25:51.537583,92.64297103881836,3271.560912132263
2024-06-18 08:25:52.548880,92.65153312683105,3271.6249837875366
2024-06-18 08:25:53.555149,92.65423393249512,3271.7124071121216
2024-06-18 08:25:54.572865,92.65581703186035,3271.7534894943237
2024-06-18 08:25:55.587739,92.66417121887207,3271.8454723358154
2024-06-18 08:25:56.601166,92.67166042327881,3272.1781158447266
2024-06-18 08:25:57.613005,92.68579578399658,3272.2300148010254
2024-06-18 08:25:58.622610,92.6897611618042,3272.2533712387085
2024-06-18 08:25:59.630045,92.69481754302979,3272.2630710601807
2024-06-18 08:26:00.636583,92.69502258300781,3272.2659091949463
2024-06-18 08:26:01.649696,92.7090425491333,3272.4369802474976
2024-06-18 08:26:02.666827,92.71896171569824,3272.443802833557
2024-06-18 08:26:03.677917,92.72628974914551,3272.464512825012
2024-06-18 08:26:04.689660,92.73617458343506,3272.48228263855
2024-06-18 08:26:05.695124,92.73997402191162,3272.51336479187
2024-06-18 08:26:06.701643,92.74562454223633,3272.556010246277
2024-06-18 08:26:07.711576,92.75850677490234,3272.6452236175537
2024-06-18 08:26:08.728840,92.78276252746582,3272.740574836731
2024-06-18 08:26:09.738721,92.80269241333008,3273.0792741775513
2024-06-18 08:26:10.752296,92.82905101776123,3273.124352455139
2024-06-18 08:26:11.767237,92.83930778503418,3273.1362438201904
2024-06-18 08:26:12.771586,92.84103775024414,3273.1474800109863
2024-06-18 08:26:13.789473,92.84189796447754,3273.1604166030884
2024-06-18 08:26:14.805679,92.84884548187256,3273.188412666321
2024-06-18 08:26:15.819642,92.85592842102051,3273.4539403915405
2024-06-18 08:26:16.828008,92.87940311431885,3273.6026039123535
2024-06-18 08:26:17.846060,92.89003944396973,3273.712579727173
2024-06-18 08:26:18.855217,92.90277862548828,3273.889277458191
2024-06-18 08:26:19.860987,92.91485404968262,3273.9542274475098
2024-06-18 08:26:20.868301,92.9271993637085,3274.004861831665
2024-06-18 08:26:21.877379,92.94685363769531,3274.1783838272095
2024-06-18 08:26:22.884530,92.95830631256104,3274.208164215088
2024-06-18 08:26:23.898466,93.01209926605225,3274.2539291381836
2024-06-18 08:26:24.906951,93.02469635009766,3274.335404396057
2024-06-18 08:26:25.915827,93.06314277648926,3274.415138244629
2024-06-18 08:26:26.923460,93.08503150939941,3274.477809906006
2024-06-18 08:26:27.942303,93.09013843536377,3274.491389274597
2024-06-18 08:26:28.956153,93.09540367126465,3274.80011844635
2024-06-18 08:26:29.965281,93.10169982910156,3274.859540939331
2024-06-18 08:26:30.981558,93.10349655151367,3274.9263229370117
2024-06-18 08:26:31.992096,93.11452293395996,3274.9963960647583
2024-06-18 08:26:32.998141,93.11485385894775,3275.0020723342896
2024-06-18 08:26:34.003814,93.11518001556396,3275.00900554657
2024-06-18 08:26:35.013534,93.12646198272705,3275.2686824798584
2024-06-18 08:26:36.024042,93.13770294189453,3275.3279314041138
2024-06-18 08:26:37.039566,93.13915157318115,3275.3707237243652
2024-06-18 08:26:38.048230,93.15104293823242,3275.388545036316
2024-06-18 08:26:39.065773,93.15828323364258,3275.509211540222
2024-06-18 08:26:40.080937,93.17718029022217,3275.6274032592773
2024-06-18 08:26:41.089124,93.17902183532715,3275.670078277588
2024-06-18 08:26:42.096897,93.18787479400635,3275.700680732727
2024-06-18 08:26:43.105927,93.19503974914551,3275.844551086426
2024-06-18 08:26:44.121696,93.19887256622314,3275.8529739379883
2024-06-18 08:26:45.134042,93.20514965057373,3275.8563537597656
2024-06-18 08:26:46.141434,93.20534992218018,3275.861488342285
2024-06-18 08:26:47.153428,93.21270942687988,3275.8862810134888
2024-06-18 08:26:48.174509,93.2174425125122,3276.1543292999268
2024-06-18 08:26:49.193230,93.22368907928467,3276.2200050354004
2024-06-18 08:26:50.202912,93.23331260681152,3276.2264041900635
2024-06-18 08:26:51.211836,93.23506832122803,3276.228126525879
2024-06-18 08:26:52.217988,93.24857997894287,3276.3897256851196
2024-06-18 08:26:53.232226,93.2492208480835,3276.401406288147
2024-06-18 08:26:54.241774,93.25069332122803,3276.42813205719
2024-06-18 08:26:55.252247,93.2592363357544,3276.4351177215576
2024-06-18 08:26:56.261482,93.25978565216064,3276.4399042129517
2024-06-18 08:26:57.269081,93.26010036468506,3276.4465284347534
2024-06-18 08:26:58.276794,93.26554679870605,3276.4656267166138
2024-06-18 08:26:59.282719,93.27314949035645,3276.6933765411377
2024-06-18 08:27:00.293837,93.27855491638184,3276.7516174316406
2024-06-18 08:27:01.311908,93.28028678894043,3276.7692699432373
2024-06-18 08:27:02.322392,93.29091739654541,3276.884909629822
2024-06-18 08:27:03.337721,93.29274368286133,3276.8888597488403
2024-06-18 08:27:04.361955,93.30415630340576,3276.9036560058594
2024-06-18 08:27:05.387550,93.30464839935303,3276.918176651001
2024-06-18 08:27:06.412107,93.30990314483643,3277.183835029602
2024-06-18 08:27:07.428951,93.31544494628906,3277.2125692367554
2024-06-18 08:27:08.439217,93.31629753112793,3277.2371950149536
2024-06-18 08:27:09.454000,93.32377529144287,3277.250551223755
2024-06-18 08:27:10.460388,93.330002784729,3277.3922233581543
2024-06-18 08:27:11.465121,93.34305381774902,3277.409483909607
2024-06-18 08:27:12.478688,93.3516902923584,3277.41455078125
2024-06-18 08:27:13.498953,93.37022304534912,3277.4456071853638
2024-06-18 08:27:14.512598,93.3708610534668,3277.4513463974
2024-06-18 08:27:15.523911,93.376051902771,3277.46280002594
2024-06-18 08:27:16.535157,93.39111137390137,3277.7586822509766
2024-06-18 08:27:17.539556,93.39867210388184,3277.768383026123
2024-06-18 08:27:18.549452,93.40011978149414,3277.7782402038574
2024-06-18 08:27:19.575407,93.40089511871338,3277.785577774048
2024-06-18 08:27:20.591442,93.41207885742188,3277.794592857361
2024-06-18 08:27:21.615106,93.41574573516846,3277.934503555298
2024-06-18 08:27:22.618755,93.42060565948486,3277.9406929016113
2024-06-18 08:27:23.627092,93.43521118164062,3277.9706811904907
2024-06-18 08:27:24.639722,93.449143409729,3277.9971981048584
2024-06-18 08:27:25.651812,93.44947052001953,3278.0000343322754
2024-06-18 08:27:26.660606,93.45563316345215,3278.0094089508057
2024-06-18 08:27:27.680562,93.46040725708008,3278.0140447616577
2024-06-18 08:27:28.685851,93.4814100265503,3278.0326948165894
2024-06-18 08:27:29.696954,93.50080871582031,3278.0671167373657
2024-06-18 08:27:30.702550,93.51181411743164,3278.48912525177
2024-06-18 08:27:31.707296,93.51658535003662,3278.653311729431
2024-06-18 08:27:32.713162,93.5400505065918,3278.8812494277954
2024-06-18 08:27:33.718111,93.54961967468262,3279.07937335968
2024-06-18 08:27:34.727246,93.56143951416016,3279.3415021896362
2024-06-18 08:27:35.736489,93.56683826446533,3279.5792837142944
2024-06-18 08:27:36.747369,93.57704830169678,3280.0937070846558
2024-06-18 08:27:37.753205,93.59062099456787,3280.450358390808
2024-06-18 08:27:38.759489,93.60202217102051,3280.783390045166
2024-06-18 08:27:39.770396,93.61444664001465,3281.1774530410767
2024-06-18 08:27:40.777966,93.62453365325928,3281.4562606811523
2024-06-18 08:27:41.783546,93.62487983703613,3281.458016395569
2024-06-18 08:27:42.797499,93.64394187927246,3281.5565395355225
2024-06-18 08:27:43.811157,93.64405918121338,3281.5566539764404
2024-06-18 08:27:44.819234,93.64881134033203,3281.5610609054565
2024-06-18 08:27:45.825144,93.65343570709229,3281.8367404937744
2024-06-18 08:27:46.838308,93.66049480438232,3281.840431213379
2024-06-18 08:27:47.851259,93.66598129272461,3281.849694252014
2024-06-18 08:27:48.866540,93.6688814163208,3281.8794298171997
2024-06-18 08:27:49.875174,93.67445659637451,3281.9052333831787
2024-06-18 08:27:50.895968,93.67609882354736,3281.9402408599854
2024-06-18 08:27:51.918357,93.69433498382568,3282.085108757019
2024-06-18 08:27:52.932751,93.69495964050293,3282.0971097946167
2024-06-18 08:27:53.941407,93.69990062713623,3282.106020927429
2024-06-18 08:27:54.947396,93.70091819763184,3282.1297101974487
2024-06-18 08:27:55.958978,93.71053218841553,3282.4281635284424
2024-06-18 08:27:56.965356,93.71097373962402,3282.440757751465
2024-06-18 08:27:57.973585,93.71853923797607,3282.468629837036
2024-06-18 08:27:58.983970,93.7215929031372,3282.476740837097
2024-06-18 08:27:59.992648,93.72173881530762,3282.478319168091
2024-06-18 08:28:01.011159,93.72635269165039,3282.4786520004272
2024-06-18 08:28:02.017741,93.73303318023682,3282.6373043060303
2024-06-18 08:28:03.042441,93.73830509185791,3282.6459369659424
2024-06-18 08:28:04.052010,93.73985290527344,3282.665756225586
2024-06-18 08:28:05.063945,93.7451286315918,3282.681324005127
2024-06-18 08:28:06.078892,93.74557876586914,3282.6935844421387
2024-06-18 08:28:07.086562,93.75172233581543,3282.7129621505737
2024-06-18 08:28:08.095285,93.75249481201172,3282.7283182144165
2024-06-18 08:28:09.103239,93.76408100128174,3283.01802444458
2024-06-18 08:28:10.114352,93.78750896453857,3283.0412759780884
2024-06-18 08:28:11.119291,93.79561138153076,3283.062973022461
2024-06-18 08:28:12.128531,93.81321334838867,3283.089888572693
2024-06-18 08:28:13.134696,93.81488513946533,3283.117027282715
2024-06-18 08:28:14.148636,93.82938003540039,3283.171937942505
2024-06-18 08:28:15.154141,93.84088802337646,3283.216851234436
2024-06-18 08:28:16.173593,93.84593963623047,3283.467370033264
2024-06-18 08:28:17.177533,93.85577392578125,3283.4780769348145
